PERMNO,DATE,RET,YEAR
26112,01/02/1979,0.005988,1979
26112,01/03/1979,0.008929,1979
26112,01/04/1979,0.008850,1979
26112,01/05/1979,0.008772,1979
26112,01/08/1979,0.000000,1979
26112,01/09/1979,0.008696,1979
26112,01/10/1979,-0.014368,1979
26112,01/11/1979,-0.011662,1979
26112,01/12/1979,0.023599,1979
26112,01/15/1979,0.020173,1979
26112,01/16/1979,0.014124,1979
26112,01/17/1979,-0.008357,1979
26112,01/18/1979,0.008427,1979
26112,01/19/1979,-0.002786,1979
26112,01/22/1979,-0.016760,1979
26112,01/23/1979,-0.005682,1979
26112,01/24/1979,-0.002857,1979
26112,01/25/1979,-0.005731,1979
26112,01/26/1979,-0.020173,1979
26112,01/29/1979,-0.014706,1979
26112,01/30/1979,-0.017910,1979
26112,01/31/1979,-0.039514,1979
26112,02/01/1979,-0.003165,1979
26112,02/02/1979,0.006349,1979
26112,02/05/1979,0.000000,1979
26112,02/06/1979,0.000000,1979
26112,02/07/1979,-0.019048,1979
26112,02/08/1979,-0.003236,1979
26112,02/09/1979,0.019481,1979
26112,02/12/1979,-0.003185,1979
26112,02/13/1979,0.003195,1979
26112,02/14/1979,-0.022293,1979
26112,02/15/1979,-0.009772,1979
26112,02/16/1979,-0.009868,1979
26112,02/20/1979,0.009967,1979
26112,02/21/1979,0.009868,1979
26112,02/22/1979,0.009772,1979
26112,02/23/1979,-0.009677,1979
26112,02/26/1979,-0.009772,1979
26112,02/27/1979,-0.032895,1979
26112,02/28/1979,0.003401,1979
26112,03/01/1979,0.016949,1979
26112,03/02/1979,0.000000,1979
26112,03/05/1979,0.006667,1979
26112,03/06/1979,-0.013245,1979
26112,03/07/1979,0.013423,1979
26112,03/08/1979,0.023179,1979
26112,03/09/1979,0.009709,1979
26112,03/12/1979,0.006410,1979
26112,03/13/1979,0.003185,1979
26112,03/14/1979,-0.003175,1979
26112,03/15/1979,0.003185,1979
26112,03/16/1979,0.009524,1979
26112,03/19/1979,-0.003145,1979
26112,03/20/1979,-0.003155,1979
26112,03/21/1979,-0.003165,1979
26112,03/22/1979,-0.003175,1979
26112,03/23/1979,0.000000,1979
26112,03/26/1979,-0.025478,1979
26112,03/27/1979,0.019608,1979
26112,03/28/1979,0.038462,1979
26112,03/29/1979,0.003086,1979
26112,03/30/1979,-0.003077,1979
26112,04/02/1979,-0.009259,1979
26112,04/03/1979,0.021807,1979
26112,04/04/1979,0.015244,1979
26112,04/05/1979,0.009009,1979
26112,04/06/1979,-0.014881,1979
26112,04/09/1979,-0.021148,1979
26112,04/10/1979,0.009259,1979
26112,04/11/1979,-0.009174,1979
26112,04/12/1979,-0.027778,1979
26112,04/16/1979,-0.003175,1979
26112,04/17/1979,-0.009554,1979
26112,04/18/1979,0.019293,1979
26112,04/19/1979,-0.003155,1979
26112,04/20/1979,0.006329,1979
26112,04/23/1979,0.003145,1979
26112,04/24/1979,-0.006270,1979
26112,04/25/1979,-0.012618,1979
26112,04/26/1979,-0.006390,1979
26112,04/27/1979,-0.012862,1979
26112,04/30/1979,-0.003257,1979
26112,05/01/1979,0.013072,1979
26112,05/02/1979,-0.019355,1979
26112,05/03/1979,0.009868,1979
26112,05/04/1979,-0.001954,1979
26112,05/07/1979,-0.006579,1979
26112,05/08/1979,0.000000,1979
26112,05/09/1979,0.013245,1979
26112,05/10/1979,-0.006536,1979
26112,05/11/1979,0.006579,1979
26112,05/14/1979,-0.009804,1979
26112,05/15/1979,-0.003300,1979
26112,05/16/1979,0.019868,1979
26112,05/17/1979,0.035714,1979
26112,05/18/1979,0.003135,1979
26112,05/21/1979,0.018750,1979
26112,05/22/1979,0.012270,1979
26112,05/23/1979,-0.012121,1979
26112,05/24/1979,-0.003067,1979
26112,05/25/1979,0.006154,1979
26112,05/29/1979,0.009174,1979
26112,05/30/1979,-0.018182,1979
26112,05/31/1979,-0.003086,1979
26112,06/01/1979,0.003096,1979
26112,06/04/1979,0.009259,1979
26112,06/05/1979,0.012232,1979
26112,06/06/1979,0.009063,1979
26112,06/07/1979,0.002994,1979
26112,06/08/1979,-0.011940,1979
26112,06/11/1979,-0.003021,1979
26112,06/12/1979,0.018182,1979
26112,06/13/1979,0.005952,1979
26112,06/14/1979,-0.011834,1979
26112,06/15/1979,-0.005988,1979
26112,06/18/1979,0.003012,1979
26112,06/19/1979,0.003003,1979
26112,06/20/1979,-0.005988,1979
26112,06/21/1979,0.027108,1979
26112,06/22/1979,0.000000,1979
26112,06/25/1979,-0.023460,1979
26112,06/26/1979,-0.033033,1979
26112,06/27/1979,0.000000,1979
26112,06/28/1979,-0.003106,1979
26112,06/29/1979,0.000000,1979
26112,07/02/1979,-0.009346,1979
26112,07/03/1979,0.025157,1979
26112,07/05/1979,0.000000,1979
26112,07/06/1979,0.012270,1979
26112,07/09/1979,0.015152,1979
26112,07/10/1979,0.000000,1979
26112,07/11/1979,0.005970,1979
26112,07/12/1979,0.000000,1979
26112,07/13/1979,0.000000,1979
26112,07/16/1979,-0.002967,1979
26112,07/17/1979,0.002976,1979
26112,07/18/1979,-0.011869,1979
26112,07/19/1979,0.003003,1979
26112,07/20/1979,-0.008982,1979
26112,07/23/1979,-0.003021,1979
26112,07/24/1979,0.003030,1979
26112,07/25/1979,0.051360,1979
26112,07/26/1979,-0.011494,1979
26112,07/27/1979,-0.017442,1979
26112,07/30/1979,0.008876,1979
26112,07/31/1979,0.011730,1979
26112,08/01/1979,-0.002899,1979
26112,08/02/1979,-0.023256,1979
26112,08/03/1979,0.001190,1979
26112,08/06/1979,0.005988,1979
26112,08/07/1979,0.050595,1979
26112,08/08/1979,0.019830,1979
26112,08/09/1979,0.019444,1979
26112,08/10/1979,0.005450,1979
26112,08/13/1979,0.021680,1979
26112,08/14/1979,-0.002653,1979
26112,08/15/1979,0.002660,1979
26112,08/16/1979,-0.007958,1979
26112,08/17/1979,0.000000,1979
26112,08/20/1979,-0.005348,1979
26112,08/21/1979,0.002688,1979
26112,08/22/1979,0.002681,1979
26112,08/23/1979,-0.005348,1979
26112,08/24/1979,-0.026882,1979
26112,08/27/1979,0.002762,1979
26112,08/28/1979,-0.013774,1979
26112,08/29/1979,-0.005587,1979
26112,08/30/1979,-0.008427,1979
26112,08/31/1979,-0.008499,1979
26112,09/04/1979,0.005714,1979
26112,09/05/1979,-0.008523,1979
26112,09/06/1979,-0.020057,1979
26112,09/07/1979,0.011696,1979
26112,09/10/1979,-0.005780,1979
26112,09/11/1979,-0.008721,1979
26112,09/12/1979,-0.005865,1979
26112,09/13/1979,0.023599,1979
26112,09/14/1979,0.014409,1979
26112,09/17/1979,0.000000,1979
26112,09/18/1979,-0.005682,1979
26112,09/19/1979,-0.005714,1979
26112,09/20/1979,0.000000,1979
26112,09/21/1979,-0.005747,1979
26112,09/24/1979,-0.005780,1979
26112,09/25/1979,-0.005814,1979
26112,09/26/1979,0.005848,1979
26112,09/27/1979,-0.008721,1979
26112,09/28/1979,0.000000,1979
26112,10/01/1979,-0.005865,1979
26112,10/02/1979,0.005900,1979
26112,10/03/1979,-0.002933,1979
26112,10/04/1979,-0.023529,1979
26112,10/05/1979,-0.018072,1979
26112,10/08/1979,-0.018405,1979
26112,10/09/1979,-0.015625,1979
26112,10/10/1979,0.015873,1979
26112,10/11/1979,-0.006250,1979
26112,10/12/1979,-0.031447,1979
26112,10/15/1979,-0.012987,1979
26112,10/16/1979,-0.003289,1979
26112,10/17/1979,0.000000,1979
26112,10/18/1979,-0.009901,1979
26112,10/19/1979,-0.010000,1979
26112,10/22/1979,0.003367,1979
26112,10/23/1979,0.000000,1979
26112,10/24/1979,0.006711,1979
26112,10/25/1979,0.003333,1979
26112,10/26/1979,-0.009967,1979
26112,10/29/1979,-0.023490,1979
26112,10/30/1979,0.010309,1979
26112,10/31/1979,-0.010204,1979
26112,11/01/1979,0.008247,1979
26112,11/02/1979,-0.003436,1979
26112,11/05/1979,-0.003448,1979
26112,11/06/1979,0.000000,1979
26112,11/07/1979,0.010381,1979
26112,11/08/1979,0.003425,1979
26112,11/09/1979,0.010239,1979
26112,11/12/1979,0.010135,1979
26112,11/13/1979,0.000000,1979
26112,11/14/1979,0.003344,1979
26112,11/15/1979,0.006667,1979
26112,11/16/1979,0.000000,1979
26112,11/19/1979,0.003311,1979
26112,11/20/1979,0.000000,1979
26112,11/21/1979,-0.006601,1979
26112,11/23/1979,-0.003322,1979
26112,11/26/1979,0.010000,1979
26112,11/27/1979,0.016502,1979
26112,11/28/1979,-0.006494,1979
26112,11/29/1979,-0.003268,1979
26112,11/30/1979,0.006557,1979
26112,12/03/1979,0.000000,1979
26112,12/04/1979,0.013029,1979
26112,12/05/1979,0.022508,1979
26112,12/06/1979,0.034591,1979
26112,12/07/1979,-0.003040,1979
26112,12/10/1979,-0.003049,1979
26112,12/11/1979,-0.009174,1979
26112,12/12/1979,-0.006173,1979
26112,12/13/1979,-0.003106,1979
26112,12/14/1979,-0.003115,1979
26112,12/17/1979,0.003125,1979
26112,12/18/1979,-0.003115,1979
26112,12/19/1979,-0.015625,1979
26112,12/20/1979,0.015873,1979
26112,12/21/1979,0.000000,1979
26112,12/24/1979,-0.003125,1979
26112,12/26/1979,0.003135,1979
26112,12/27/1979,-0.003125,1979
26112,12/28/1979,-0.006270,1979
26112,12/31/1979,-0.012618,1979
27422,01/02/1979,0.028302,1979
27422,01/03/1979,-0.004587,1979
27422,01/04/1979,0.009217,1979
27422,01/05/1979,0.000000,1979
27422,01/08/1979,0.000000,1979
27422,01/09/1979,0.009132,1979
27422,01/10/1979,-0.013575,1979
27422,01/11/1979,0.009174,1979
27422,01/12/1979,0.027273,1979
27422,01/15/1979,-0.008850,1979
27422,01/16/1979,-0.022321,1979
27422,01/17/1979,-0.013699,1979
27422,01/18/1979,0.009259,1979
27422,01/19/1979,0.000000,1979
27422,01/22/1979,0.013761,1979
27422,01/23/1979,0.004525,1979
27422,01/24/1979,0.000000,1979
27422,01/25/1979,0.004505,1979
27422,01/26/1979,0.049327,1979
27422,01/29/1979,0.008547,1979
27422,01/30/1979,-0.008475,1979
27422,01/31/1979,0.000000,1979
27422,02/01/1979,0.008547,1979
27422,02/02/1979,-0.008475,1979
27422,02/05/1979,-0.008547,1979
27422,02/06/1979,-0.004310,1979
27422,02/07/1979,-0.004329,1979
27422,02/08/1979,-0.017391,1979
27422,02/09/1979,0.008850,1979
27422,02/12/1979,-0.008772,1979
27422,02/13/1979,0.017699,1979
27422,02/14/1979,0.000000,1979
27422,02/15/1979,-0.004348,1979
27422,02/16/1979,0.013100,1979
27422,02/20/1979,-0.004310,1979
27422,02/21/1979,0.017316,1979
27422,02/22/1979,0.000000,1979
27422,02/23/1979,0.001702,1979
27422,02/26/1979,0.000000,1979
27422,02/27/1979,-0.008584,1979
27422,02/28/1979,-0.008658,1979
27422,03/01/1979,0.004367,1979
27422,03/02/1979,-0.004348,1979
27422,03/05/1979,0.004367,1979
27422,03/06/1979,0.017391,1979
27422,03/07/1979,0.000000,1979
27422,03/08/1979,0.004274,1979
27422,03/09/1979,0.000000,1979
27422,03/12/1979,0.004255,1979
27422,03/13/1979,0.008475,1979
27422,03/14/1979,0.008403,1979
27422,03/15/1979,0.004167,1979
27422,03/16/1979,0.004149,1979
27422,03/19/1979,-0.008264,1979
27422,03/20/1979,0.000000,1979
27422,03/21/1979,0.004167,1979
27422,03/22/1979,0.012448,1979
27422,03/23/1979,-0.016393,1979
27422,03/26/1979,-0.012500,1979
27422,03/27/1979,0.021097,1979
27422,03/28/1979,0.028926,1979
27422,03/29/1979,0.008032,1979
27422,03/30/1979,0.003984,1979
27422,04/02/1979,-0.007937,1979
27422,04/03/1979,0.008000,1979
27422,04/04/1979,-0.003968,1979
27422,04/05/1979,0.003984,1979
27422,04/06/1979,0.000000,1979
27422,04/09/1979,-0.007937,1979
27422,04/10/1979,-0.032000,1979
27422,04/11/1979,0.000000,1979
27422,04/12/1979,0.000000,1979
27422,04/16/1979,-0.016529,1979
27422,04/17/1979,0.000000,1979
27422,04/18/1979,0.000000,1979
27422,04/19/1979,0.004202,1979
27422,04/20/1979,0.000000,1979
27422,04/23/1979,-0.012552,1979
27422,04/24/1979,0.008475,1979
27422,04/25/1979,-0.016807,1979
27422,04/26/1979,-0.034188,1979
27422,04/27/1979,-0.004425,1979
27422,04/30/1979,0.004444,1979
27422,05/01/1979,0.026549,1979
27422,05/02/1979,0.004310,1979
27422,05/03/1979,0.012876,1979
27422,05/04/1979,0.000000,1979
27422,05/07/1979,0.012712,1979
27422,05/08/1979,-0.020921,1979
27422,05/09/1979,0.008547,1979
27422,05/10/1979,-0.016949,1979
27422,05/11/1979,-0.012931,1979
27422,05/14/1979,0.004367,1979
27422,05/15/1979,0.008696,1979
27422,05/16/1979,0.004310,1979
27422,05/17/1979,0.004292,1979
27422,05/18/1979,0.004274,1979
27422,05/21/1979,0.000000,1979
27422,05/22/1979,-0.008511,1979
27422,05/23/1979,-0.004292,1979
27422,05/24/1979,0.006034,1979
27422,05/25/1979,-0.004329,1979
27422,05/29/1979,0.000000,1979
27422,05/30/1979,-0.008696,1979
27422,05/31/1979,-0.026316,1979
27422,06/01/1979,-0.009009,1979
27422,06/04/1979,0.009091,1979
27422,06/05/1979,0.000000,1979
27422,06/06/1979,0.009009,1979
27422,06/07/1979,0.008929,1979
27422,06/08/1979,-0.004425,1979
27422,06/11/1979,-0.008889,1979
27422,06/12/1979,0.008969,1979
27422,06/13/1979,-0.017778,1979
27422,06/14/1979,0.027149,1979
27422,06/15/1979,-0.008811,1979
27422,06/18/1979,0.013333,1979
27422,06/19/1979,-0.013158,1979
27422,06/20/1979,-0.013333,1979
27422,06/21/1979,0.000000,1979
27422,06/22/1979,0.000000,1979
27422,06/25/1979,0.031532,1979
27422,06/26/1979,0.000000,1979
27422,06/27/1979,0.013100,1979
27422,06/28/1979,0.012931,1979
27422,06/29/1979,-0.004255,1979
27422,07/02/1979,0.008547,1979
27422,07/03/1979,0.033898,1979
27422,07/05/1979,0.024590,1979
27422,07/06/1979,0.008000,1979
27422,07/09/1979,0.015873,1979
27422,07/10/1979,0.003906,1979
27422,07/11/1979,0.003891,1979
27422,07/12/1979,0.003876,1979
27422,07/13/1979,0.003861,1979
27422,07/16/1979,0.007692,1979
27422,07/17/1979,-0.003817,1979
27422,07/18/1979,-0.003831,1979
27422,07/19/1979,0.003846,1979
27422,07/20/1979,0.011494,1979
27422,07/23/1979,0.007576,1979
27422,07/24/1979,-0.018797,1979
27422,07/25/1979,0.011494,1979
27422,07/26/1979,0.022727,1979
27422,07/27/1979,0.007407,1979
27422,07/30/1979,0.000000,1979
27422,07/31/1979,0.007353,1979
27422,08/01/1979,-0.014599,1979
27422,08/02/1979,0.007407,1979
27422,08/03/1979,0.018382,1979
27422,08/06/1979,0.000000,1979
27422,08/07/1979,0.007220,1979
27422,08/08/1979,-0.003584,1979
27422,08/09/1979,-0.010791,1979
27422,08/10/1979,0.010909,1979
27422,08/13/1979,0.000000,1979
27422,08/14/1979,-0.007194,1979
27422,08/15/1979,0.014493,1979
27422,08/16/1979,0.028571,1979
27422,08/17/1979,0.006944,1979
27422,08/20/1979,0.000000,1979
27422,08/21/1979,0.006897,1979
27422,08/22/1979,0.013699,1979
27422,08/23/1979,-0.006757,1979
27422,08/24/1979,-0.006803,1979
27422,08/27/1979,-0.004110,1979
27422,08/28/1979,0.000000,1979
27422,08/29/1979,0.000000,1979
27422,08/30/1979,-0.006944,1979
27422,08/31/1979,-0.020979,1979
27422,09/04/1979,-0.021429,1979
27422,09/05/1979,-0.007299,1979
27422,09/06/1979,0.014706,1979
27422,09/07/1979,-0.007246,1979
27422,09/10/1979,-0.007299,1979
27422,09/11/1979,0.007353,1979
27422,09/12/1979,-0.014599,1979
27422,09/13/1979,-0.029630,1979
27422,09/14/1979,0.015267,1979
27422,09/17/1979,0.030075,1979
27422,09/18/1979,0.003650,1979
27422,09/19/1979,-0.003636,1979
27422,09/20/1979,-0.014599,1979
27422,09/21/1979,0.007407,1979
27422,09/24/1979,0.011029,1979
27422,09/25/1979,0.010909,1979
27422,09/26/1979,0.007194,1979
27422,09/27/1979,0.007143,1979
27422,09/28/1979,0.003546,1979
27422,10/01/1979,-0.003534,1979
27422,10/02/1979,0.000000,1979
27422,10/03/1979,0.049645,1979
27422,10/04/1979,-0.006757,1979
27422,10/05/1979,-0.003401,1979
27422,10/08/1979,-0.010239,1979
27422,10/09/1979,-0.031034,1979
27422,10/10/1979,-0.060498,1979
27422,10/11/1979,0.007576,1979
27422,10/12/1979,-0.037594,1979
27422,10/15/1979,-0.046875,1979
27422,10/16/1979,0.024590,1979
27422,10/17/1979,-0.004000,1979
27422,10/18/1979,-0.004016,1979
27422,10/19/1979,-0.016129,1979
27422,10/22/1979,-0.016393,1979
27422,10/23/1979,0.000000,1979
27422,10/24/1979,0.000000,1979
27422,10/25/1979,0.008333,1979
27422,10/26/1979,0.000000,1979
27422,10/29/1979,-0.004132,1979
27422,10/30/1979,0.000000,1979
27422,10/31/1979,0.008299,1979
27422,11/01/1979,0.020576,1979
27422,11/02/1979,0.008065,1979
27422,11/05/1979,-0.032000,1979
27422,11/06/1979,-0.008264,1979
27422,11/07/1979,0.000000,1979
27422,11/08/1979,-0.008333,1979
27422,11/09/1979,0.025210,1979
27422,11/12/1979,0.016393,1979
27422,11/13/1979,0.008065,1979
27422,11/14/1979,0.004000,1979
27422,11/15/1979,0.003984,1979
27422,11/16/1979,0.000000,1979
27422,11/19/1979,-0.011905,1979
27422,11/20/1979,0.008032,1979
27422,11/21/1979,-0.015936,1979
27422,11/23/1979,0.004049,1979
27422,11/26/1979,0.038710,1979
27422,11/27/1979,-0.003937,1979
27422,11/28/1979,-0.011858,1979
27422,11/29/1979,0.016000,1979
27422,11/30/1979,0.007874,1979
27422,12/03/1979,-0.003906,1979
27422,12/04/1979,-0.003922,1979
27422,12/05/1979,0.000000,1979
27422,12/06/1979,-0.003937,1979
27422,12/07/1979,0.000000,1979
27422,12/10/1979,0.007905,1979
27422,12/11/1979,0.003922,1979
27422,12/12/1979,0.015625,1979
27422,12/13/1979,0.015385,1979
27422,12/14/1979,0.030303,1979
27422,12/17/1979,0.014706,1979
27422,12/18/1979,-0.014493,1979
27422,12/19/1979,-0.011029,1979
27422,12/20/1979,0.003717,1979
27422,12/21/1979,-0.014815,1979
27422,12/24/1979,-0.007519,1979
27422,12/26/1979,0.000000,1979
27422,12/27/1979,-0.011364,1979
27422,12/28/1979,-0.003831,1979
27422,12/31/1979,0.023077,1979
30402,01/02/1979,0.004202,1979
30402,01/03/1979,0.012552,1979
30402,01/04/1979,0.004132,1979
30402,01/05/1979,-0.004115,1979
30402,01/08/1979,-0.008264,1979
30402,01/09/1979,0.004167,1979
30402,01/10/1979,-0.020747,1979
30402,01/11/1979,0.016949,1979
30402,01/12/1979,-0.004167,1979
30402,01/15/1979,0.004184,1979
30402,01/16/1979,0.000000,1979
30402,01/17/1979,-0.004167,1979
30402,01/18/1979,0.004184,1979
30402,01/19/1979,0.000000,1979
30402,01/22/1979,0.000000,1979
30402,01/23/1979,0.004167,1979
30402,01/24/1979,-0.004149,1979
30402,01/25/1979,0.008333,1979
30402,01/26/1979,0.000000,1979
30402,01/29/1979,0.008264,1979
30402,01/30/1979,0.008197,1979
30402,01/31/1979,0.000000,1979
30402,02/01/1979,-0.008130,1979
30402,02/02/1979,-0.016393,1979
30402,02/05/1979,0.008333,1979
30402,02/06/1979,-0.008403,1979
30402,02/07/1979,-0.008475,1979
30402,02/08/1979,0.004274,1979
30402,02/09/1979,-0.012766,1979
30402,02/12/1979,0.000000,1979
30402,02/13/1979,0.017241,1979
30402,02/14/1979,0.008475,1979
30402,02/15/1979,0.000000,1979
30402,02/16/1979,0.000000,1979
30402,02/20/1979,0.008403,1979
30402,02/21/1979,0.000000,1979
30402,02/22/1979,-0.008333,1979
30402,02/23/1979,0.008403,1979
30402,02/26/1979,-0.008333,1979
30402,02/27/1979,-0.008403,1979
30402,02/28/1979,-0.025424,1979
30402,03/01/1979,0.008696,1979
30402,03/02/1979,0.000000,1979
30402,03/05/1979,0.008621,1979
30402,03/06/1979,0.000000,1979
30402,03/07/1979,0.008547,1979
30402,03/08/1979,0.000000,1979
30402,03/09/1979,0.016949,1979
30402,03/12/1979,0.000000,1979
30402,03/13/1979,0.025000,1979
30402,03/14/1979,0.000000,1979
30402,03/15/1979,-0.004065,1979
30402,03/16/1979,0.012245,1979
30402,03/19/1979,0.016129,1979
30402,03/20/1979,-0.003968,1979
30402,03/21/1979,0.007968,1979
30402,03/22/1979,0.000000,1979
30402,03/23/1979,0.003953,1979
30402,03/26/1979,-0.003937,1979
30402,03/27/1979,0.011858,1979
30402,03/28/1979,0.000000,1979
30402,03/29/1979,0.000000,1979
30402,03/30/1979,0.000000,1979
30402,04/02/1979,0.000000,1979
30402,04/03/1979,0.007813,1979
30402,04/04/1979,0.007752,1979
30402,04/05/1979,0.007692,1979
30402,04/06/1979,0.000000,1979
30402,04/09/1979,0.000000,1979
30402,04/10/1979,0.015267,1979
30402,04/11/1979,0.015038,1979
30402,04/12/1979,0.007407,1979
30402,04/16/1979,0.014706,1979
30402,04/17/1979,-0.003623,1979
30402,04/18/1979,-0.010909,1979
30402,04/19/1979,0.007353,1979
30402,04/20/1979,-0.007299,1979
30402,04/23/1979,0.022059,1979
30402,04/24/1979,0.064748,1979
30402,04/25/1979,0.020270,1979
30402,04/26/1979,0.052980,1979
30402,04/27/1979,-0.012579,1979
30402,04/30/1979,0.012739,1979
30402,05/01/1979,-0.006289,1979
30402,05/02/1979,0.012658,1979
30402,05/03/1979,-0.006329,1979
30402,05/04/1979,-0.019108,1979
30402,05/07/1979,-0.012987,1979
30402,05/08/1979,0.000000,1979
30402,05/09/1979,-0.021053,1979
30402,05/10/1979,0.004032,1979
30402,05/11/1979,-0.012048,1979
30402,05/14/1979,-0.008130,1979
30402,05/15/1979,0.000000,1979
30402,05/16/1979,0.008197,1979
30402,05/17/1979,0.004065,1979
30402,05/18/1979,-0.004049,1979
30402,05/21/1979,0.024390,1979
30402,05/22/1979,0.003968,1979
30402,05/23/1979,-0.003953,1979
30402,05/24/1979,0.000000,1979
30402,05/25/1979,0.015873,1979
30402,05/29/1979,0.003906,1979
30402,05/30/1979,-0.003891,1979
30402,05/31/1979,-0.003906,1979
30402,06/01/1979,0.019608,1979
30402,06/04/1979,0.003846,1979
30402,06/05/1979,-0.003831,1979
30402,06/06/1979,-0.015385,1979
30402,06/07/1979,0.015625,1979
30402,06/08/1979,-0.015385,1979
30402,06/11/1979,0.015625,1979
30402,06/12/1979,0.003846,1979
30402,06/13/1979,-0.011494,1979
30402,06/14/1979,-0.007752,1979
30402,06/15/1979,0.000000,1979
30402,06/18/1979,0.000000,1979
30402,06/19/1979,0.015625,1979
30402,06/20/1979,-0.003846,1979
30402,06/21/1979,-0.011583,1979
30402,06/25/1979,0.000000,1979
30402,06/26/1979,0.003906,1979
30402,06/27/1979,-0.011673,1979
30402,06/28/1979,0.003937,1979
30402,06/29/1979,0.000000,1979
30402,07/02/1979,0.000000,1979
30402,07/03/1979,0.000000,1979
30402,07/05/1979,0.011765,1979
30402,07/06/1979,0.007752,1979
30402,07/09/1979,0.015385,1979
30402,07/10/1979,-0.015152,1979
30402,07/11/1979,0.003846,1979
30402,07/12/1979,-0.011494,1979
30402,07/13/1979,-0.007752,1979
30402,07/16/1979,-0.015625,1979
30402,07/17/1979,0.023810,1979
30402,07/19/1979,-0.007752,1979
30402,07/20/1979,0.000000,1979
30402,07/23/1979,-0.003906,1979
30402,07/24/1979,-0.011765,1979
30402,07/25/1979,0.000000,1979
30402,07/26/1979,0.015873,1979
30402,07/27/1979,0.000000,1979
30402,07/30/1979,0.000000,1979
30402,07/31/1979,0.000000,1979
30402,08/01/1979,0.000000,1979
30402,08/02/1979,0.000000,1979
30402,08/03/1979,0.007937,1979
30402,08/06/1979,0.000000,1979
30402,08/07/1979,-0.007874,1979
30402,08/08/1979,-0.015873,1979
30402,08/09/1979,0.016129,1979
30402,08/10/1979,0.000000,1979
30402,08/13/1979,0.000000,1979
30402,08/14/1979,0.000000,1979
30402,08/15/1979,0.000000,1979
30402,08/16/1979,0.000000,1979
30402,08/17/1979,0.023810,1979
30402,08/20/1979,0.007752,1979
30402,08/21/1979,0.007692,1979
30402,08/22/1979,-0.007634,1979
30402,08/23/1979,-0.007692,1979
30402,08/24/1979,0.000000,1979
30402,08/27/1979,0.000000,1979
30402,08/28/1979,0.015504,1979
30402,08/29/1979,-0.007634,1979
30402,08/30/1979,0.007692,1979
30402,08/31/1979,0.000000,1979
30402,09/04/1979,-0.007634,1979
30402,09/05/1979,-0.030769,1979
30402,09/06/1979,-0.007937,1979
30402,09/07/1979,0.016000,1979
30402,09/10/1979,-0.003937,1979
30402,09/11/1979,-0.011858,1979
30402,09/12/1979,0.056000,1979
30402,09/13/1979,-0.007576,1979
30402,09/14/1979,0.000000,1979
30402,09/17/1979,0.000000,1979
30402,09/18/1979,0.015267,1979
30402,09/19/1979,-0.007519,1979
30402,09/20/1979,0.000000,1979
30402,09/21/1979,-0.007576,1979
30402,09/24/1979,0.015267,1979
30402,09/25/1979,0.007519,1979
30402,09/26/1979,0.000000,1979
30402,09/27/1979,0.014925,1979
30402,09/28/1979,0.014706,1979
30402,10/01/1979,-0.014493,1979
30402,10/02/1979,0.007353,1979
30402,10/03/1979,0.014599,1979
30402,10/04/1979,0.000000,1979
30402,10/05/1979,0.007194,1979
30402,10/08/1979,-0.007143,1979
30402,10/09/1979,-0.064748,1979
30402,10/10/1979,-0.038462,1979
30402,10/11/1979,0.000000,1979
30402,10/12/1979,0.024000,1979
30402,10/15/1979,0.007813,1979
30402,10/16/1979,0.015504,1979
30402,10/17/1979,-0.015267,1979
30402,10/18/1979,0.023256,1979
30402,10/19/1979,-0.022727,1979
30402,10/22/1979,-0.015504,1979
30402,10/23/1979,-0.007874,1979
30402,10/24/1979,0.015873,1979
30402,10/25/1979,-0.015625,1979
30402,10/26/1979,0.007937,1979
30402,10/29/1979,0.007874,1979
30402,10/30/1979,0.015625,1979
30402,10/31/1979,0.003846,1979
30402,11/01/1979,-0.019455,1979
30402,11/02/1979,0.000000,1979
30402,11/05/1979,-0.007937,1979
30402,11/06/1979,-0.008000,1979
30402,11/07/1979,0.000000,1979
30402,11/08/1979,0.008065,1979
30402,11/09/1979,-0.008000,1979
30402,11/12/1979,0.008065,1979
30402,11/13/1979,0.000000,1979
30402,11/14/1979,-0.008000,1979
30402,11/15/1979,0.008065,1979
30402,11/16/1979,-0.016000,1979
30402,11/19/1979,0.008130,1979
30402,11/20/1979,0.000000,1979
30402,11/21/1979,0.008065,1979
30402,11/23/1979,0.016000,1979
30402,11/26/1979,0.015748,1979
30402,11/27/1979,0.000000,1979
30402,11/28/1979,0.000000,1979
30402,11/29/1979,-0.003876,1979
30402,11/30/1979,-0.003891,1979
30402,12/03/1979,-0.007813,1979
30402,12/04/1979,-0.007874,1979
30402,12/05/1979,-0.015873,1979
30402,12/06/1979,0.008065,1979
30402,12/07/1979,0.000000,1979
30402,12/10/1979,0.016000,1979
30402,12/11/1979,-0.007874,1979
30402,12/12/1979,0.007937,1979
30402,12/13/1979,0.007874,1979
30402,12/14/1979,-0.007813,1979
30402,12/17/1979,-0.003937,1979
30402,12/18/1979,0.011858,1979
30402,12/19/1979,0.000000,1979
30402,12/20/1979,-0.015625,1979
30402,12/21/1979,0.007937,1979
30402,12/24/1979,0.000000,1979
30402,12/26/1979,-0.007874,1979
30402,12/27/1979,0.031746,1979
30402,12/28/1979,-0.007692,1979
30402,12/31/1979,-0.007752,1979
31480,01/02/1979,0.000000,1979
31480,01/03/1979,0.026316,1979
31480,01/04/1979,0.000000,1979
31480,01/05/1979,0.000000,1979
31480,01/08/1979,-0.012821,1979
31480,01/09/1979,-0.006494,1979
31480,01/10/1979,0.000000,1979
31480,01/11/1979,0.003268,1979
31480,01/12/1979,0.035831,1979
31480,01/15/1979,-0.012579,1979
31480,01/16/1979,0.006369,1979
31480,01/17/1979,-0.006329,1979
31480,01/18/1979,0.000000,1979
31480,01/19/1979,0.025478,1979
31480,01/22/1979,-0.003106,1979
31480,01/23/1979,0.000000,1979
31480,01/24/1979,-0.021807,1979
31480,01/25/1979,0.000000,1979
31480,01/26/1979,0.000000,1979
31480,01/29/1979,-0.025478,1979
31480,01/30/1979,0.000000,1979
31480,01/31/1979,0.013072,1979
31480,02/01/1979,0.006452,1979
31480,02/02/1979,-0.025641,1979
31480,02/05/1979,0.000000,1979
31480,02/06/1979,-0.013158,1979
31480,02/07/1979,-0.006667,1979
31480,02/08/1979,-0.060403,1979
31480,02/09/1979,0.000000,1979
31480,02/12/1979,-0.057143,1979
31480,02/13/1979,0.053030,1979
31480,02/14/1979,-0.007194,1979
31480,02/15/1979,0.021739,1979
31480,02/16/1979,0.002837,1979
31480,02/20/1979,-0.007194,1979
31480,02/21/1979,0.003623,1979
31480,02/22/1979,0.010830,1979
31480,02/23/1979,-0.003571,1979
31480,02/26/1979,0.000000,1979
31480,02/27/1979,0.000000,1979
31480,02/28/1979,0.010753,1979
31480,03/01/1979,0.007092,1979
31480,03/02/1979,0.000000,1979
31480,03/05/1979,0.000000,1979
31480,03/06/1979,-0.014085,1979
31480,03/07/1979,0.000000,1979
31480,03/08/1979,0.000000,1979
31480,03/09/1979,-0.014286,1979
31480,03/12/1979,0.014493,1979
31480,03/13/1979,-0.007143,1979
31480,03/14/1979,0.000000,1979
31480,03/15/1979,0.007194,1979
31480,03/16/1979,0.000000,1979
31480,03/19/1979,0.000000,1979
31480,03/20/1979,0.000000,1979
31480,03/21/1979,-0.007143,1979
31480,03/22/1979,0.007194,1979
31480,03/23/1979,-0.014286,1979
31480,03/26/1979,0.000000,1979
31480,03/27/1979,0.014493,1979
31480,03/28/1979,0.000000,1979
31480,03/29/1979,0.007143,1979
31480,03/30/1979,0.000000,1979
31480,04/02/1979,0.063830,1979
31480,04/03/1979,0.026667,1979
31480,04/04/1979,0.000000,1979
31480,04/05/1979,0.012987,1979
31480,04/06/1979,0.012821,1979
31480,04/09/1979,0.000000,1979
31480,04/10/1979,0.000000,1979
31480,04/11/1979,-0.012658,1979
31480,04/12/1979,0.000000,1979
31480,04/16/1979,-0.006410,1979
31480,04/17/1979,0.000000,1979
31480,04/18/1979,0.006452,1979
31480,04/19/1979,-0.006410,1979
31480,04/20/1979,0.000000,1979
31480,04/23/1979,-0.019355,1979
31480,04/24/1979,-0.013158,1979
31480,04/25/1979,0.000000,1979
31480,04/26/1979,0.000000,1979
31480,04/27/1979,0.013333,1979
31480,04/30/1979,-0.006579,1979
31480,05/01/1979,0.006623,1979
31480,05/02/1979,0.013158,1979
31480,05/03/1979,0.006494,1979
31480,05/04/1979,0.006452,1979
31480,05/07/1979,-0.025641,1979
31480,05/08/1979,0.000000,1979
31480,05/09/1979,0.000000,1979
31480,05/10/1979,0.000000,1979
31480,05/11/1979,0.002632,1979
31480,05/14/1979,-0.040000,1979
31480,05/15/1979,0.027778,1979
31480,05/16/1979,0.000000,1979
31480,05/17/1979,-0.020270,1979
31480,05/18/1979,0.003448,1979
31480,05/21/1979,-0.010309,1979
31480,05/22/1979,-0.034722,1979
31480,05/23/1979,0.007194,1979
31480,05/24/1979,-0.007143,1979
31480,05/25/1979,0.007194,1979
31480,05/29/1979,-0.007143,1979
31480,05/30/1979,0.007194,1979
31480,05/31/1979,0.014286,1979
31480,06/01/1979,0.007042,1979
31480,06/04/1979,-0.003497,1979
31480,06/05/1979,0.000000,1979
31480,06/06/1979,0.000000,1979
31480,06/07/1979,-0.010526,1979
31480,06/08/1979,0.000000,1979
31480,06/11/1979,0.000000,1979
31480,06/12/1979,0.035461,1979
31480,06/13/1979,0.013699,1979
31480,06/14/1979,0.013514,1979
31480,06/15/1979,0.020000,1979
31480,06/18/1979,-0.006536,1979
31480,06/19/1979,0.000000,1979
31480,06/20/1979,0.000000,1979
31480,06/21/1979,0.000000,1979
31480,06/22/1979,-0.013158,1979
31480,06/25/1979,0.000000,1979
31480,06/26/1979,0.000000,1979
31480,06/27/1979,0.013333,1979
31480,06/28/1979,0.013158,1979
31480,06/29/1979,0.012987,1979
31480,07/02/1979,-0.012821,1979
31480,07/03/1979,-0.012987,1979
31480,07/05/1979,-0.013158,1979
31480,07/06/1979,0.000000,1979
31480,07/09/1979,-0.026667,1979
31480,07/10/1979,0.000000,1979
31480,07/11/1979,-0.013699,1979
31480,07/12/1979,-0.027778,1979
31480,07/13/1979,0.007143,1979
31480,07/16/1979,0.007092,1979
31480,07/17/1979,0.014085,1979
31480,07/18/1979,0.000000,1979
31480,07/19/1979,0.006944,1979
31480,07/20/1979,-0.006897,1979
31480,07/23/1979,0.000000,1979
31480,07/24/1979,0.000000,1979
31480,07/25/1979,0.000000,1979
31480,07/26/1979,-0.013889,1979
31480,07/27/1979,0.007042,1979
31480,07/30/1979,-0.006993,1979
31480,07/31/1979,0.000000,1979
31480,08/01/1979,0.028169,1979
31480,08/02/1979,-0.013699,1979
31480,08/03/1979,0.006944,1979
31480,08/06/1979,0.000000,1979
31480,08/07/1979,0.000000,1979
31480,08/08/1979,0.013793,1979
31480,08/09/1979,0.006803,1979
31480,08/10/1979,-0.003378,1979
31480,08/13/1979,0.003390,1979
31480,08/14/1979,0.000000,1979
31480,08/15/1979,0.000000,1979
31480,08/16/1979,-0.006757,1979
31480,08/17/1979,-0.010884,1979
31480,08/20/1979,-0.020979,1979
31480,08/21/1979,0.014286,1979
31480,08/22/1979,0.007042,1979
31480,08/23/1979,-0.006993,1979
31480,08/24/1979,0.014085,1979
31480,08/27/1979,0.006944,1979
31480,08/28/1979,-0.006897,1979
31480,08/29/1979,-0.003472,1979
31480,08/30/1979,-0.010453,1979
31480,08/31/1979,-0.007042,1979
31480,09/04/1979,0.007092,1979
31480,09/05/1979,0.007042,1979
31480,09/06/1979,-0.013986,1979
31480,09/07/1979,0.000000,1979
31480,09/10/1979,0.003546,1979
31480,09/11/1979,-0.010601,1979
31480,09/12/1979,-0.014286,1979
31480,09/13/1979,0.014493,1979
31480,09/14/1979,0.014286,1979
31480,09/17/1979,0.028169,1979
31480,09/18/1979,0.013699,1979
31480,09/19/1979,-0.006757,1979
31480,09/20/1979,-0.006803,1979
31480,09/21/1979,-0.006849,1979
31480,09/24/1979,-0.006897,1979
31480,09/25/1979,-0.006944,1979
31480,09/26/1979,-0.003497,1979
31480,09/27/1979,0.007018,1979
31480,09/28/1979,-0.010453,1979
31480,10/01/1979,0.000000,1979
31480,10/02/1979,0.000000,1979
31480,10/03/1979,0.007042,1979
31480,10/04/1979,-0.006993,1979
31480,10/05/1979,0.000000,1979
31480,10/08/1979,0.014085,1979
31480,10/09/1979,-0.034722,1979
31480,10/10/1979,-0.021583,1979
31480,10/11/1979,0.000000,1979
31480,10/12/1979,0.014706,1979
31480,10/15/1979,0.000000,1979
31480,10/16/1979,0.000000,1979
31480,10/17/1979,-0.014493,1979
31480,10/18/1979,0.007353,1979
31480,10/19/1979,-0.007299,1979
31480,10/22/1979,-0.014706,1979
31480,10/23/1979,-0.014925,1979
31480,10/24/1979,-0.015152,1979
31480,10/25/1979,0.000000,1979
31480,10/26/1979,-0.023077,1979
31480,10/29/1979,0.007874,1979
31480,10/30/1979,-0.003906,1979
31480,10/31/1979,0.011765,1979
31480,11/01/1979,-0.015504,1979
31480,11/02/1979,0.015748,1979
31480,11/05/1979,-0.007752,1979
31480,11/06/1979,0.000000,1979
31480,11/07/1979,-0.023438,1979
31480,11/08/1979,0.016000,1979
31480,11/09/1979,-0.007874,1979
31480,11/12/1979,0.015873,1979
31480,11/13/1979,-0.003906,1979
31480,11/14/1979,-0.003922,1979
31480,11/15/1979,0.011024,1979
31480,11/16/1979,0.015873,1979
31480,11/19/1979,-0.003906,1979
31480,11/20/1979,0.000000,1979
31480,11/21/1979,-0.011765,1979
31480,11/23/1979,0.003968,1979
31480,11/26/1979,0.011858,1979
31480,11/27/1979,-0.023438,1979
31480,11/28/1979,0.008000,1979
31480,11/29/1979,0.015873,1979
31480,11/30/1979,0.000000,1979
31480,12/03/1979,-0.007813,1979
31480,12/04/1979,0.007874,1979
31480,12/05/1979,0.000000,1979
31480,12/06/1979,0.000000,1979
31480,12/07/1979,0.007813,1979
31480,12/10/1979,0.007752,1979
31480,12/11/1979,-0.015385,1979
31480,12/12/1979,0.000000,1979
31480,12/13/1979,0.011719,1979
31480,12/14/1979,0.003861,1979
31480,12/17/1979,0.007692,1979
31480,12/18/1979,0.022901,1979
31480,12/19/1979,-0.007463,1979
31480,12/20/1979,0.007519,1979
31480,12/21/1979,0.007463,1979
31480,12/24/1979,-0.014815,1979
31480,12/26/1979,-0.007519,1979
31480,12/27/1979,0.007576,1979
31480,12/28/1979,0.000000,1979
31480,12/31/1979,0.015038,1979
33815,11/30/1979,0.095238,1979
33815,12/03/1979,0.000000,1979
33815,12/04/1979,0.086957,1979
33815,12/05/1979,0.000000,1979
33815,12/06/1979,0.160000,1979
33815,12/07/1979,-0.068966,1979
33815,12/10/1979,0.000000,1979
33815,12/11/1979,-0.037037,1979
33815,12/12/1979,0.000000,1979
33815,12/13/1979,0.076923,1979
33815,12/14/1979,0.142857,1979
33815,12/17/1979,0.000000,1979
33815,12/18/1979,0.031250,1979
33815,12/19/1979,-0.030303,1979
33815,12/20/1979,0.031250,1979
33815,12/21/1979,0.060606,1979
33815,12/24/1979,0.028571,1979
33815,12/26/1979,0.111111,1979
33815,12/27/1979,0.025000,1979
33815,12/28/1979,0.024390,1979
33815,12/31/1979,-0.047619,1979
34497,01/02/1979,0.007634,1979
34497,01/03/1979,0.060606,1979
34497,01/04/1979,0.000000,1979
34497,01/05/1979,0.000000,1979
34497,01/08/1979,-0.014286,1979
34497,01/09/1979,0.021739,1979
34497,01/10/1979,0.000000,1979
34497,01/11/1979,-0.007092,1979
34497,01/12/1979,0.000000,1979
34497,01/15/1979,0.000000,1979
34497,01/16/1979,-0.021429,1979
34497,01/17/1979,0.000000,1979
34497,01/18/1979,0.007299,1979
34497,01/19/1979,0.014493,1979
34497,01/22/1979,0.000000,1979
34497,01/23/1979,0.007143,1979
34497,01/24/1979,0.000000,1979
34497,01/25/1979,0.007092,1979
34497,01/26/1979,-0.007042,1979
34497,01/29/1979,-0.014184,1979
34497,01/30/1979,-0.007194,1979
34497,01/31/1979,0.014493,1979
34497,02/01/1979,-0.007143,1979
34497,02/02/1979,0.007194,1979
34497,02/05/1979,-0.007143,1979
34497,02/06/1979,-0.007194,1979
34497,02/07/1979,-0.007246,1979
34497,02/08/1979,0.000000,1979
34497,02/09/1979,-0.007299,1979
34497,02/12/1979,0.000000,1979
34497,02/13/1979,0.014706,1979
34497,02/14/1979,-0.007246,1979
34497,02/15/1979,0.000000,1979
34497,02/16/1979,0.007299,1979
34497,02/20/1979,0.000000,1979
34497,02/21/1979,-0.014493,1979
34497,02/22/1979,-0.007353,1979
34497,02/23/1979,0.007407,1979
34497,02/26/1979,0.007353,1979
34497,02/27/1979,-0.022388,1979
34497,02/28/1979,0.007634,1979
34497,03/01/1979,0.000000,1979
34497,03/02/1979,0.007576,1979
34497,03/05/1979,-0.007519,1979
34497,03/06/1979,0.000000,1979
34497,03/07/1979,0.000000,1979
34497,03/08/1979,0.000000,1979
34497,03/09/1979,0.000000,1979
34497,03/12/1979,0.000000,1979
34497,03/13/1979,0.015152,1979
34497,03/14/1979,0.007463,1979
34497,03/15/1979,0.007407,1979
34497,03/16/1979,-0.007353,1979
34497,03/19/1979,0.022222,1979
34497,03/20/1979,0.014493,1979
34497,03/21/1979,0.014286,1979
34497,03/22/1979,-0.007042,1979
34497,03/23/1979,-0.007092,1979
34497,03/26/1979,0.014286,1979
34497,03/27/1979,0.000000,1979
34497,03/28/1979,-0.014085,1979
34497,03/29/1979,0.000000,1979
34497,03/30/1979,0.000000,1979
34497,04/02/1979,-0.014286,1979
34497,04/03/1979,0.000000,1979
34497,04/04/1979,0.007246,1979
34497,04/05/1979,0.007194,1979
34497,04/06/1979,0.000000,1979
34497,04/09/1979,0.007143,1979
34497,04/10/1979,0.007092,1979
34497,04/11/1979,-0.007042,1979
34497,04/12/1979,-0.007092,1979
34497,04/16/1979,-0.035714,1979
34497,04/17/1979,-0.014815,1979
34497,04/18/1979,0.015038,1979
34497,04/19/1979,-0.007407,1979
34497,04/20/1979,-0.007463,1979
34497,04/23/1979,-0.007519,1979
34497,04/24/1979,0.007576,1979
34497,04/25/1979,-0.015038,1979
34497,04/26/1979,0.007634,1979
34497,04/27/1979,-0.007576,1979
34497,04/30/1979,0.015267,1979
34497,05/01/1979,0.015038,1979
34497,05/02/1979,0.000000,1979
34497,05/03/1979,-0.007407,1979
34497,05/04/1979,-0.007463,1979
34497,05/07/1979,-0.007519,1979
34497,05/08/1979,0.000000,1979
34497,05/09/1979,-0.007576,1979
34497,05/10/1979,0.007634,1979
34497,05/11/1979,-0.007576,1979
34497,05/14/1979,0.007634,1979
34497,05/15/1979,-0.007576,1979
34497,05/16/1979,0.000000,1979
34497,05/17/1979,0.007634,1979
34497,05/18/1979,0.000000,1979
34497,05/21/1979,-0.015152,1979
34497,05/22/1979,0.000000,1979
34497,05/23/1979,0.015385,1979
34497,05/24/1979,0.022727,1979
34497,05/25/1979,0.015152,1979
34497,05/29/1979,-0.007463,1979
34497,05/30/1979,-0.015038,1979
34497,05/31/1979,-0.007634,1979
34497,06/01/1979,0.000000,1979
34497,06/04/1979,0.007692,1979
34497,06/05/1979,0.007634,1979
34497,06/06/1979,0.015152,1979
34497,06/07/1979,0.007463,1979
34497,06/08/1979,-0.007407,1979
34497,06/11/1979,0.014925,1979
34497,06/12/1979,0.014706,1979
34497,06/13/1979,-0.021739,1979
34497,06/14/1979,-0.007407,1979
34497,06/15/1979,0.000000,1979
34497,06/18/1979,0.000000,1979
34497,06/19/1979,-0.007463,1979
34497,06/20/1979,0.000000,1979
34497,06/21/1979,0.015038,1979
34497,06/22/1979,-0.007407,1979
34497,06/25/1979,-0.007463,1979
34497,06/26/1979,0.000000,1979
34497,06/27/1979,-0.015038,1979
34497,06/28/1979,-0.007634,1979
34497,06/29/1979,0.007692,1979
34497,07/02/1979,-0.007634,1979
34497,07/03/1979,0.007692,1979
34497,07/05/1979,0.007634,1979
34497,07/06/1979,0.007576,1979
34497,07/09/1979,-0.015038,1979
34497,07/10/1979,0.022901,1979
34497,07/11/1979,0.149254,1979
34497,07/12/1979,-0.032468,1979
34497,07/13/1979,-0.013423,1979
34497,07/16/1979,0.006803,1979
34497,07/17/1979,-0.013514,1979
34497,07/18/1979,0.000000,1979
34497,07/19/1979,0.000000,1979
34497,07/20/1979,0.000000,1979
34497,07/23/1979,0.013699,1979
34497,07/24/1979,0.006757,1979
34497,07/25/1979,0.026846,1979
34497,07/26/1979,0.006536,1979
34497,07/27/1979,-0.019481,1979
34497,07/30/1979,0.000000,1979
34497,07/31/1979,0.013245,1979
34497,08/01/1979,-0.026144,1979
34497,08/02/1979,0.013423,1979
34497,08/03/1979,-0.019868,1979
34497,08/06/1979,0.013514,1979
34497,08/07/1979,-0.006667,1979
34497,08/08/1979,0.000000,1979
34497,08/09/1979,0.006711,1979
34497,08/10/1979,0.026667,1979
34497,08/13/1979,0.025974,1979
34497,08/14/1979,0.000000,1979
34497,08/15/1979,0.000000,1979
34497,08/16/1979,-0.012658,1979
34497,08/17/1979,0.000000,1979
34497,08/20/1979,0.006410,1979
34497,08/21/1979,-0.006369,1979
34497,08/22/1979,-0.006410,1979
34497,08/23/1979,-0.019355,1979
34497,08/24/1979,-0.006579,1979
34497,08/27/1979,0.006623,1979
34497,08/28/1979,-0.026846,1979
34497,08/29/1979,0.000000,1979
34497,08/30/1979,0.006897,1979
34497,08/31/1979,0.020548,1979
34497,09/04/1979,-0.006711,1979
34497,09/05/1979,-0.047297,1979
34497,09/06/1979,0.021277,1979
34497,09/07/1979,0.000000,1979
34497,09/10/1979,-0.006944,1979
34497,09/11/1979,0.000000,1979
34497,09/12/1979,-0.027972,1979
34497,09/13/1979,0.021583,1979
34497,09/14/1979,0.014085,1979
34497,09/17/1979,0.000000,1979
34497,09/18/1979,0.006944,1979
34497,09/19/1979,-0.006897,1979
34497,09/20/1979,-0.006944,1979
34497,09/21/1979,0.013986,1979
34497,09/24/1979,-0.006897,1979
34497,09/25/1979,0.020833,1979
34497,09/26/1979,-0.027211,1979
34497,09/27/1979,0.013986,1979
34497,09/28/1979,0.006897,1979
34497,10/01/1979,-0.006849,1979
34497,10/02/1979,0.006897,1979
34497,10/03/1979,0.000000,1979
34497,10/04/1979,-0.013699,1979
34497,10/05/1979,0.013889,1979
34497,10/08/1979,0.000000,1979
34497,10/09/1979,-0.041096,1979
34497,10/10/1979,0.000000,1979
34497,10/11/1979,-0.021429,1979
34497,10/12/1979,0.000000,1979
34497,10/15/1979,-0.007299,1979
34497,10/16/1979,0.000000,1979
34497,10/17/1979,0.000000,1979
34497,10/18/1979,0.000000,1979
34497,10/19/1979,0.000000,1979
34497,10/22/1979,-0.007353,1979
34497,10/23/1979,-0.037037,1979
34497,10/24/1979,0.015385,1979
34497,10/25/1979,0.015152,1979
34497,10/26/1979,0.014925,1979
34497,10/29/1979,0.014706,1979
34497,10/30/1979,0.000000,1979
34497,10/31/1979,-0.014493,1979
34497,11/01/1979,0.007353,1979
34497,11/02/1979,-0.021898,1979
34497,11/05/1979,0.014925,1979
34497,11/06/1979,0.000000,1979
34497,11/07/1979,-0.007353,1979
34497,11/08/1979,0.007407,1979
34497,11/09/1979,0.000000,1979
34497,11/12/1979,-0.007353,1979
34497,11/13/1979,0.007407,1979
34497,11/14/1979,0.014706,1979
34497,11/15/1979,0.000000,1979
34497,11/16/1979,-0.010870,1979
34497,11/19/1979,0.003663,1979
34497,11/20/1979,-0.021898,1979
34497,11/21/1979,0.029851,1979
34497,11/23/1979,0.036232,1979
34497,11/26/1979,-0.013986,1979
34497,11/27/1979,0.014493,1979
34497,11/28/1979,0.028571,1979
34497,11/29/1979,0.041667,1979
34497,11/30/1979,0.040000,1979
34497,12/03/1979,-0.012821,1979
34497,12/04/1979,-0.006494,1979
34497,12/05/1979,-0.019608,1979
34497,12/06/1979,0.013333,1979
34497,12/07/1979,0.000000,1979
34497,12/10/1979,0.000000,1979
34497,12/11/1979,0.013158,1979
34497,12/12/1979,-0.006494,1979
34497,12/13/1979,0.006536,1979
34497,12/14/1979,0.000000,1979
34497,12/17/1979,-0.006494,1979
34497,12/18/1979,0.006536,1979
34497,12/19/1979,0.000000,1979
34497,12/20/1979,-0.012987,1979
34497,12/21/1979,0.019737,1979
34497,12/24/1979,0.000000,1979
34497,12/26/1979,0.000000,1979
34497,12/27/1979,-0.012903,1979
34497,12/28/1979,-0.006536,1979
34497,12/31/1979,-0.013158,1979
37568,01/02/1979,0.000000,1979
37568,01/03/1979,0.009259,1979
37568,01/04/1979,0.000000,1979
37568,01/05/1979,0.000000,1979
37568,01/08/1979,0.000000,1979
37568,01/09/1979,0.000000,1979
37568,01/10/1979,0.000000,1979
37568,01/11/1979,0.000000,1979
37568,01/12/1979,0.009174,1979
37568,01/15/1979,0.000000,1979
37568,01/16/1979,0.000000,1979
37568,01/17/1979,0.000000,1979
37568,01/18/1979,0.000000,1979
37568,01/19/1979,0.000000,1979
37568,01/22/1979,0.009091,1979
37568,01/23/1979,0.000000,1979
37568,01/24/1979,0.000000,1979
37568,01/25/1979,0.000000,1979
37568,01/26/1979,0.000000,1979
37568,01/29/1979,0.000000,1979
37568,01/30/1979,0.000000,1979
37568,01/31/1979,0.000000,1979
37568,02/01/1979,0.000000,1979
37568,02/02/1979,0.000000,1979
37568,02/05/1979,0.000000,1979
37568,02/06/1979,0.000000,1979
37568,02/07/1979,0.000000,1979
37568,02/08/1979,-0.009009,1979
37568,02/09/1979,0.000000,1979
37568,02/12/1979,0.000000,1979
37568,02/13/1979,0.000000,1979
37568,02/14/1979,0.000000,1979
37568,02/15/1979,0.000000,1979
37568,02/16/1979,0.008727,1979
37568,02/20/1979,0.000000,1979
37568,02/21/1979,0.000000,1979
37568,02/22/1979,0.000000,1979
37568,02/23/1979,0.000000,1979
37568,02/26/1979,0.000000,1979
37568,02/27/1979,0.000000,1979
37568,02/28/1979,0.000000,1979
37568,03/01/1979,0.000000,1979
37568,03/02/1979,0.000000,1979
37568,03/05/1979,0.000000,1979
37568,03/06/1979,0.000000,1979
37568,03/07/1979,0.000000,1979
37568,03/08/1979,0.000000,1979
37568,03/09/1979,0.000000,1979
37568,03/12/1979,0.000000,1979
37568,03/13/1979,0.000000,1979
37568,03/14/1979,0.009091,1979
37568,03/15/1979,0.000000,1979
37568,03/16/1979,0.009009,1979
37568,03/19/1979,0.000000,1979
37568,03/20/1979,0.017857,1979
37568,03/21/1979,0.000000,1979
37568,03/22/1979,0.008772,1979
37568,03/23/1979,0.034783,1979
37568,03/26/1979,0.008403,1979
37568,03/27/1979,-0.008333,1979
37568,03/28/1979,-0.025210,1979
37568,03/29/1979,0.000000,1979
37568,03/30/1979,0.000000,1979
37568,04/02/1979,-0.008621,1979
37568,04/03/1979,-0.008696,1979
37568,04/04/1979,0.000000,1979
37568,04/05/1979,-0.061404,1979
37568,04/06/1979,0.000000,1979
37568,04/09/1979,0.000000,1979
37568,04/10/1979,-0.009346,1979
37568,04/11/1979,0.000000,1979
37568,04/12/1979,0.000000,1979
37568,04/16/1979,0.000000,1979
37568,04/17/1979,0.000000,1979
37568,04/18/1979,0.000000,1979
37568,04/19/1979,0.000000,1979
37568,04/20/1979,0.000000,1979
37568,04/23/1979,-0.018868,1979
37568,04/24/1979,0.000000,1979
37568,04/25/1979,0.048077,1979
37568,04/26/1979,-0.018349,1979
37568,04/27/1979,-0.009346,1979
37568,04/30/1979,0.000000,1979
37568,05/01/1979,0.000000,1979
37568,05/02/1979,-0.009434,1979
37568,05/03/1979,-0.009524,1979
37568,05/04/1979,0.000000,1979
37568,05/07/1979,-0.019231,1979
37568,05/08/1979,-0.039216,1979
37568,05/09/1979,0.000000,1979
37568,05/10/1979,0.010204,1979
37568,05/11/1979,0.020202,1979
37568,05/14/1979,-0.009901,1979
37568,05/15/1979,0.000000,1979
37568,05/16/1979,0.000000,1979
37568,05/17/1979,0.000000,1979
37568,05/18/1979,0.010000,1979
37568,05/21/1979,0.009505,1979
37568,05/22/1979,0.000000,1979
37568,05/23/1979,0.000000,1979
37568,05/24/1979,0.000000,1979
37568,05/25/1979,0.000000,1979
37568,05/29/1979,0.000000,1979
37568,05/30/1979,0.000000,1979
37568,05/31/1979,0.000000,1979
37568,06/01/1979,0.000000,1979
37568,06/04/1979,0.000000,1979
37568,06/05/1979,0.000000,1979
37568,06/06/1979,0.000000,1979
37568,06/07/1979,-0.009901,1979
37568,06/08/1979,0.010000,1979
37568,06/11/1979,-0.009901,1979
37568,06/12/1979,0.000000,1979
37568,06/13/1979,0.000000,1979
37568,06/14/1979,-0.010000,1979
37568,06/15/1979,-0.010101,1979
37568,06/18/1979,0.000000,1979
37568,06/19/1979,0.000000,1979
37568,06/20/1979,0.000000,1979
37568,06/21/1979,0.000000,1979
37568,06/22/1979,-0.020408,1979
37568,06/25/1979,0.000000,1979
37568,06/26/1979,0.000000,1979
37568,06/27/1979,-0.020833,1979
37568,06/28/1979,0.010638,1979
37568,06/29/1979,0.010526,1979
37568,07/02/1979,0.000000,1979
37568,07/03/1979,0.010417,1979
37568,07/05/1979,0.010309,1979
37568,07/06/1979,0.000000,1979
37568,07/09/1979,0.000000,1979
37568,07/10/1979,0.000000,1979
37568,07/11/1979,0.000000,1979
37568,07/12/1979,0.000000,1979
37568,07/13/1979,0.000000,1979
37568,07/16/1979,0.000000,1979
37568,07/17/1979,0.000000,1979
37568,07/18/1979,-0.010204,1979
37568,07/19/1979,-0.010309,1979
37568,07/20/1979,0.000000,1979
37568,07/23/1979,0.000000,1979
37568,07/24/1979,0.052083,1979
37568,07/25/1979,0.049505,1979
37568,07/26/1979,0.000000,1979
37568,07/27/1979,0.000000,1979
37568,07/30/1979,0.000000,1979
37568,07/31/1979,0.037736,1979
37568,08/01/1979,-0.009091,1979
37568,08/02/1979,0.000000,1979
37568,08/03/1979,0.000000,1979
37568,08/06/1979,0.000000,1979
37568,08/07/1979,0.009174,1979
37568,08/08/1979,0.000000,1979
37568,08/09/1979,0.000000,1979
37568,08/10/1979,0.245455,1979
37568,08/13/1979,-0.087591,1979
37568,08/14/1979,-0.032000,1979
37568,08/15/1979,-0.016529,1979
37568,08/16/1979,-0.016807,1979
37568,08/17/1979,0.085470,1979
37568,08/20/1979,0.102047,1979
37568,08/21/1979,-0.028777,1979
37568,08/22/1979,-0.014815,1979
37568,08/23/1979,-0.015038,1979
37568,08/24/1979,-0.015267,1979
37568,08/27/1979,0.000000,1979
37568,08/28/1979,-0.015504,1979
37568,08/29/1979,0.000000,1979
37568,08/30/1979,0.000000,1979
37568,08/31/1979,-0.031496,1979
37568,09/04/1979,-0.048780,1979
37568,09/05/1979,-0.085470,1979
37568,09/06/1979,0.112150,1979
37568,09/07/1979,0.000000,1979
37568,09/10/1979,0.000000,1979
37568,09/11/1979,0.000000,1979
37568,09/12/1979,0.000000,1979
37568,09/13/1979,-0.016807,1979
37568,09/14/1979,0.034188,1979
37568,09/17/1979,0.000000,1979
37568,09/18/1979,-0.066116,1979
37568,09/19/1979,0.000000,1979
37568,09/20/1979,0.088496,1979
37568,09/21/1979,-0.016260,1979
37568,09/24/1979,0.000000,1979
37568,09/25/1979,-0.016529,1979
37568,09/26/1979,0.016807,1979
37568,09/27/1979,0.016529,1979
37568,09/28/1979,0.000000,1979
37568,10/01/1979,0.000000,1979
37568,10/02/1979,0.000000,1979
37568,10/03/1979,0.000000,1979
37568,10/04/1979,0.000000,1979
37568,10/05/1979,0.016260,1979
37568,10/08/1979,0.000000,1979
37568,10/09/1979,0.000000,1979
37568,10/10/1979,-0.016000,1979
37568,10/11/1979,0.016260,1979
37568,10/12/1979,0.000000,1979
37568,10/15/1979,0.000000,1979
37568,10/16/1979,0.000000,1979
37568,10/17/1979,0.000000,1979
37568,10/18/1979,-0.048000,1979
37568,10/19/1979,0.000000,1979
37568,10/22/1979,0.000000,1979
37568,10/23/1979,0.000000,1979
37568,10/24/1979,0.016807,1979
37568,10/25/1979,-0.016529,1979
37568,10/26/1979,0.000000,1979
37568,10/29/1979,0.000000,1979
37568,10/30/1979,0.000000,1979
37568,10/31/1979,0.000000,1979
37568,11/01/1979,0.000000,1979
37568,11/02/1979,0.000000,1979
37568,11/05/1979,0.000000,1979
37568,11/06/1979,-0.016807,1979
37568,11/07/1979,-0.017094,1979
37568,11/08/1979,-0.017391,1979
37568,11/09/1979,0.017699,1979
37568,11/12/1979,0.017391,1979
37568,11/13/1979,-0.017094,1979
37568,11/14/1979,0.000000,1979
37568,11/15/1979,-0.017391,1979
37568,11/16/1979,0.008496,1979
37568,11/19/1979,0.000000,1979
37568,11/20/1979,0.000000,1979
37568,11/21/1979,0.000000,1979
37568,11/23/1979,0.088496,1979
37568,11/26/1979,0.032520,1979
37568,11/27/1979,0.000000,1979
37568,11/28/1979,0.000000,1979
37568,11/29/1979,0.000000,1979
37568,11/30/1979,-0.015748,1979
37568,12/03/1979,-0.016000,1979
37568,12/04/1979,0.000000,1979
37568,12/05/1979,0.000000,1979
37568,12/06/1979,0.000000,1979
37568,12/07/1979,0.000000,1979
37568,12/10/1979,0.000000,1979
37568,12/11/1979,0.000000,1979
37568,12/12/1979,0.016260,1979
37568,12/13/1979,-0.016000,1979
37568,12/14/1979,-0.016260,1979
37568,12/17/1979,-0.016529,1979
37568,12/18/1979,0.016807,1979
37568,12/19/1979,0.000000,1979
37568,12/20/1979,0.016529,1979
37568,12/21/1979,-0.016260,1979
37568,12/24/1979,0.000000,1979
37568,12/26/1979,0.000000,1979
37568,12/27/1979,0.000000,1979
37568,12/28/1979,-0.016529,1979
37568,12/31/1979,-0.016807,1979
59248,01/02/1979,0.000000,1979
59248,01/03/1979,0.000000,1979
59248,01/04/1979,0.029412,1979
59248,01/05/1979,0.009524,1979
59248,01/08/1979,-0.009434,1979
59248,01/09/1979,-0.009524,1979
59248,01/10/1979,-0.009615,1979
59248,01/11/1979,0.000000,1979
59248,01/12/1979,0.019417,1979
59248,01/15/1979,0.009524,1979
59248,01/16/1979,0.009434,1979
59248,01/17/1979,0.009346,1979
59248,01/18/1979,0.046296,1979
59248,01/19/1979,0.000000,1979
59248,01/22/1979,0.000000,1979
59248,01/23/1979,0.000000,1979
59248,01/24/1979,0.017699,1979
59248,01/25/1979,0.017391,1979
59248,01/26/1979,-0.008621,1979
59248,01/29/1979,-0.008696,1979
59248,01/30/1979,-0.017544,1979
59248,01/31/1979,-0.017857,1979
59248,02/01/1979,0.000000,1979
59248,02/02/1979,0.000000,1979
59248,02/05/1979,-0.009091,1979
59248,02/06/1979,0.009174,1979
59248,02/07/1979,0.009091,1979
59248,02/08/1979,0.000000,1979
59248,02/09/1979,0.000000,1979
59248,02/12/1979,0.009009,1979
59248,02/13/1979,0.000000,1979
59248,02/14/1979,0.000000,1979
59248,02/15/1979,0.000000,1979
59248,02/16/1979,0.000000,1979
59248,02/20/1979,0.000000,1979
59248,02/21/1979,-0.008929,1979
59248,02/22/1979,-0.009009,1979
59248,02/23/1979,0.000000,1979
59248,02/26/1979,-0.009091,1979
59248,02/27/1979,-0.027523,1979
59248,02/28/1979,0.000000,1979
59248,03/01/1979,0.009434,1979
59248,03/02/1979,0.000000,1979
59248,03/05/1979,0.000000,1979
59248,03/06/1979,0.000000,1979
59248,03/07/1979,0.018692,1979
59248,03/08/1979,0.000000,1979
59248,03/09/1979,0.000000,1979
59248,03/12/1979,0.000000,1979
59248,03/13/1979,0.018349,1979
59248,03/14/1979,-0.009009,1979
59248,03/15/1979,0.000000,1979
59248,03/16/1979,0.000000,1979
59248,03/19/1979,0.000000,1979
59248,03/20/1979,-0.018182,1979
59248,03/21/1979,-0.009259,1979
59248,03/22/1979,0.000000,1979
59248,03/23/1979,0.000000,1979
59248,03/26/1979,0.000000,1979
59248,03/27/1979,0.000000,1979
59248,03/28/1979,0.000000,1979
59248,03/29/1979,0.000000,1979
59248,03/30/1979,-0.009346,1979
59248,04/02/1979,-0.018868,1979
59248,04/03/1979,0.000000,1979
59248,04/04/1979,0.000000,1979
59248,04/05/1979,0.019231,1979
59248,04/06/1979,0.009434,1979
59248,04/09/1979,0.009346,1979
59248,04/10/1979,0.000000,1979
59248,04/11/1979,0.000000,1979
59248,04/12/1979,-0.018519,1979
59248,04/16/1979,-0.009434,1979
59248,04/17/1979,0.000000,1979
59248,04/18/1979,0.009524,1979
59248,04/19/1979,0.009434,1979
59248,04/20/1979,-0.009346,1979
59248,04/23/1979,0.009434,1979
59248,04/24/1979,0.009346,1979
59248,04/25/1979,0.009259,1979
59248,04/26/1979,0.000000,1979
59248,04/27/1979,0.027523,1979
59248,04/30/1979,0.008929,1979
59248,05/01/1979,0.000000,1979
59248,05/02/1979,-0.008850,1979
59248,05/03/1979,0.000000,1979
59248,05/04/1979,0.000000,1979
59248,05/07/1979,-0.026786,1979
59248,05/08/1979,-0.027523,1979
59248,05/09/1979,0.009434,1979
59248,05/10/1979,-0.009346,1979
59248,05/11/1979,0.000000,1979
59248,05/14/1979,0.000000,1979
59248,05/15/1979,0.018868,1979
59248,05/16/1979,0.000000,1979
59248,05/17/1979,0.000000,1979
59248,05/18/1979,0.000000,1979
59248,05/21/1979,0.000000,1979
59248,05/22/1979,0.000000,1979
59248,05/23/1979,0.000000,1979
59248,05/24/1979,0.000000,1979
59248,05/25/1979,0.027778,1979
59248,05/29/1979,0.018018,1979
59248,05/30/1979,0.008850,1979
59248,05/31/1979,-0.008772,1979
59248,06/01/1979,0.035398,1979
59248,06/04/1979,0.008547,1979
59248,06/05/1979,0.008475,1979
59248,06/06/1979,0.008403,1979
59248,06/07/1979,0.008333,1979
59248,06/08/1979,-0.024793,1979
59248,06/11/1979,0.000000,1979
59248,06/12/1979,0.016949,1979
59248,06/13/1979,-0.008333,1979
59248,06/14/1979,-0.008403,1979
59248,06/15/1979,0.000000,1979
59248,06/18/1979,-0.008475,1979
59248,06/19/1979,0.008547,1979
59248,06/20/1979,-0.008475,1979
59248,06/21/1979,-0.008547,1979
59248,06/22/1979,0.000000,1979
59248,06/25/1979,0.000000,1979
59248,06/26/1979,-0.008621,1979
59248,06/27/1979,0.000000,1979
59248,06/28/1979,0.000000,1979
59248,06/29/1979,0.008696,1979
59248,07/02/1979,0.000000,1979
59248,07/03/1979,0.000000,1979
59248,07/05/1979,-0.017241,1979
59248,07/06/1979,0.000000,1979
59248,07/09/1979,0.000000,1979
59248,07/10/1979,-0.017544,1979
59248,07/11/1979,0.000000,1979
59248,07/12/1979,0.000000,1979
59248,07/13/1979,0.000000,1979
59248,07/16/1979,0.017857,1979
59248,07/17/1979,0.008772,1979
59248,07/18/1979,0.078261,1979
59248,07/19/1979,0.024194,1979
59248,07/20/1979,0.000000,1979
59248,07/23/1979,0.023622,1979
59248,07/24/1979,0.007692,1979
59248,07/25/1979,0.000000,1979
59248,07/26/1979,-0.007692,1979
59248,07/27/1979,-0.007752,1979
59248,07/30/1979,0.000000,1979
59248,07/31/1979,0.000000,1979
59248,08/01/1979,0.000000,1979
59248,08/02/1979,0.000000,1979
59248,08/03/1979,0.000000,1979
59248,08/06/1979,0.000000,1979
59248,08/07/1979,0.000000,1979
59248,08/08/1979,0.007813,1979
59248,08/09/1979,0.000000,1979
59248,08/10/1979,-0.007752,1979
59248,08/13/1979,0.000000,1979
59248,08/14/1979,0.007813,1979
59248,08/15/1979,0.015504,1979
59248,08/16/1979,0.030534,1979
59248,08/17/1979,0.007407,1979
59248,08/20/1979,0.000000,1979
59248,08/21/1979,-0.014706,1979
59248,08/22/1979,0.000000,1979
59248,08/23/1979,-0.007463,1979
59248,08/24/1979,0.000000,1979
59248,08/27/1979,0.000000,1979
59248,08/28/1979,0.030075,1979
59248,08/29/1979,-0.007299,1979
59248,08/30/1979,0.000000,1979
59248,08/31/1979,0.000000,1979
59248,09/04/1979,-0.022059,1979
59248,09/05/1979,-0.007519,1979
59248,09/06/1979,0.000000,1979
59248,09/07/1979,0.015152,1979
59248,09/10/1979,0.007463,1979
59248,09/11/1979,-0.014815,1979
59248,09/12/1979,0.000000,1979
59248,09/13/1979,0.000000,1979
59248,09/14/1979,0.007519,1979
59248,09/17/1979,-0.007463,1979
59248,09/18/1979,0.000000,1979
59248,09/19/1979,0.000000,1979
59248,09/20/1979,0.015038,1979
59248,09/21/1979,0.007407,1979
59248,09/24/1979,0.014706,1979
59248,09/25/1979,0.000000,1979
59248,09/26/1979,-0.014493,1979
59248,09/27/1979,-0.051471,1979
59248,09/28/1979,-0.038760,1979
59248,10/01/1979,0.016129,1979
59248,10/02/1979,0.023810,1979
59248,10/03/1979,0.000000,1979
59248,10/04/1979,0.000000,1979
59248,10/05/1979,-0.007752,1979
59248,10/08/1979,-0.054688,1979
59248,10/09/1979,-0.041322,1979
59248,10/10/1979,-0.051724,1979
59248,10/11/1979,0.000000,1979
59248,10/12/1979,0.072727,1979
59248,10/15/1979,-0.016949,1979
59248,10/16/1979,0.000000,1979
59248,10/17/1979,0.008621,1979
59248,10/18/1979,0.008547,1979
59248,10/19/1979,-0.016949,1979
59248,10/22/1979,-0.034483,1979
59248,10/23/1979,0.000000,1979
59248,10/24/1979,0.000000,1979
59248,10/25/1979,0.000000,1979
59248,10/26/1979,0.008929,1979
59248,10/29/1979,-0.008850,1979
59248,10/30/1979,0.017857,1979
59248,10/31/1979,0.000000,1979
59248,11/01/1979,0.000000,1979
59248,11/02/1979,0.000000,1979
59248,11/05/1979,0.000000,1979
59248,11/06/1979,-0.017544,1979
59248,11/07/1979,-0.026786,1979
59248,11/08/1979,0.018349,1979
59248,11/09/1979,-0.018018,1979
59248,11/12/1979,0.000000,1979
59248,11/13/1979,-0.036697,1979
59248,11/14/1979,0.028571,1979
59248,11/15/1979,0.018519,1979
59248,11/16/1979,0.000000,1979
59248,11/19/1979,0.000000,1979
59248,11/20/1979,-0.054545,1979
59248,11/21/1979,-0.028846,1979
59248,11/23/1979,0.009901,1979
59248,11/26/1979,0.078431,1979
59248,11/27/1979,0.000000,1979
59248,11/28/1979,0.018182,1979
59248,11/29/1979,0.000000,1979
59248,11/30/1979,-0.017857,1979
59248,12/03/1979,0.000000,1979
59248,12/04/1979,-0.009091,1979
59248,12/05/1979,0.000000,1979
59248,12/06/1979,-0.018349,1979
59248,12/07/1979,0.000000,1979
59248,12/10/1979,0.000000,1979
59248,12/11/1979,0.000000,1979
59248,12/12/1979,0.018692,1979
59248,12/13/1979,0.000000,1979
59248,12/14/1979,0.000000,1979
59248,12/17/1979,-0.009174,1979
59248,12/18/1979,-0.027778,1979
59248,12/19/1979,-0.009524,1979
59248,12/20/1979,0.009615,1979
59248,12/21/1979,0.000000,1979
59248,12/24/1979,0.000000,1979
59248,12/26/1979,0.009524,1979
59248,12/27/1979,0.000000,1979
59248,12/28/1979,0.009434,1979
59248,12/31/1979,0.000000,1979
61058,01/02/1979,0.000000,1979
61058,01/03/1979,0.000000,1979
61058,01/04/1979,0.066667,1979
61058,01/05/1979,0.000000,1979
61058,01/08/1979,0.000000,1979
61058,01/09/1979,-0.062500,1979
61058,01/10/1979,0.066667,1979
61058,01/11/1979,0.000000,1979
61058,01/12/1979,0.000000,1979
61058,01/15/1979,0.000000,1979
61058,01/16/1979,0.000000,1979
61058,01/17/1979,-0.062500,1979
61058,01/18/1979,0.000000,1979
61058,01/19/1979,0.000000,1979
61058,01/22/1979,0.000000,1979
61058,01/23/1979,0.000000,1979
61058,01/24/1979,0.000000,1979
61058,01/25/1979,0.000000,1979
61058,01/26/1979,0.000000,1979
61058,01/29/1979,0.000000,1979
61058,01/30/1979,0.000000,1979
61058,01/31/1979,0.000000,1979
61058,02/01/1979,0.000000,1979
61058,02/02/1979,0.000000,1979
61058,02/05/1979,0.000000,1979
61058,02/06/1979,0.066667,1979
61058,02/07/1979,0.000000,1979
61058,02/08/1979,0.250000,1979
61058,02/09/1979,0.000000,1979
61058,02/12/1979,0.000000,1979
61058,02/13/1979,0.000000,1979
61058,02/14/1979,0.000000,1979
61058,02/15/1979,0.000000,1979
61058,02/16/1979,0.050000,1979
61058,02/20/1979,-0.047619,1979
61058,02/21/1979,0.050000,1979
61058,02/22/1979,-0.047619,1979
61058,02/23/1979,0.000000,1979
61058,02/26/1979,0.000000,1979
61058,02/27/1979,0.000000,1979
61058,02/28/1979,-0.050000,1979
61058,03/01/1979,0.000000,1979
61058,03/02/1979,0.000000,1979
61058,03/05/1979,0.000000,1979
61058,03/06/1979,0.000000,1979
61058,03/07/1979,0.000000,1979
61058,03/08/1979,0.000000,1979
61058,03/09/1979,0.000000,1979
61058,03/12/1979,0.000000,1979
61058,03/13/1979,0.000000,1979
61058,03/14/1979,0.052632,1979
61058,03/15/1979,0.050000,1979
61058,03/16/1979,0.000000,1979
61058,03/19/1979,0.000000,1979
61058,03/20/1979,0.000000,1979
61058,03/21/1979,0.000000,1979
61058,03/22/1979,0.000000,1979
61058,03/23/1979,-0.047619,1979
61058,03/26/1979,0.000000,1979
61058,03/27/1979,0.000000,1979
61058,03/28/1979,0.000000,1979
61058,03/29/1979,0.000000,1979
61058,03/30/1979,0.000000,1979
61058,04/02/1979,0.000000,1979
61058,04/03/1979,0.000000,1979
61058,04/04/1979,0.000000,1979
61058,04/05/1979,0.000000,1979
61058,04/06/1979,0.000000,1979
61058,04/09/1979,0.000000,1979
61058,04/10/1979,0.000000,1979
61058,04/11/1979,-0.050000,1979
61058,04/12/1979,0.000000,1979
61058,04/16/1979,0.052632,1979
61058,04/17/1979,-0.050000,1979
61058,04/18/1979,0.000000,1979
61058,04/19/1979,0.000000,1979
61058,04/20/1979,0.000000,1979
61058,04/23/1979,0.000000,1979
61058,04/24/1979,-0.052632,1979
61058,04/25/1979,0.000000,1979
61058,04/26/1979,-0.055556,1979
61058,04/27/1979,0.000000,1979
61058,04/30/1979,0.000000,1979
61058,05/01/1979,0.000000,1979
61058,05/02/1979,-0.058824,1979
61058,05/03/1979,0.000000,1979
61058,05/04/1979,0.000000,1979
61058,05/07/1979,0.000000,1979
61058,05/08/1979,0.000000,1979
61058,05/09/1979,0.000000,1979
61058,05/10/1979,0.000000,1979
61058,05/11/1979,0.000000,1979
61058,05/14/1979,0.000000,1979
61058,05/15/1979,-0.062500,1979
61058,05/16/1979,0.000000,1979
61058,05/17/1979,0.000000,1979
61058,05/18/1979,0.000000,1979
61058,05/21/1979,0.066667,1979
61058,05/22/1979,0.000000,1979
61058,05/23/1979,0.000000,1979
61058,05/24/1979,0.000000,1979
61058,05/25/1979,0.000000,1979
61058,05/29/1979,-0.062500,1979
61058,05/30/1979,0.066667,1979
61058,05/31/1979,0.000000,1979
61058,06/01/1979,0.000000,1979
61058,06/04/1979,0.000000,1979
61058,06/05/1979,0.000000,1979
61058,06/06/1979,0.062500,1979
61058,06/07/1979,-0.117647,1979
61058,06/08/1979,0.000000,1979
61058,06/11/1979,0.000000,1979
61058,06/12/1979,0.000000,1979
61058,06/13/1979,0.000000,1979
61058,06/14/1979,0.000000,1979
61058,06/15/1979,0.000000,1979
61058,06/18/1979,0.000000,1979
61058,06/19/1979,0.000000,1979
61058,06/20/1979,0.000000,1979
61058,06/21/1979,0.000000,1979
61058,06/22/1979,0.000000,1979
61058,06/25/1979,-0.066667,1979
61058,06/26/1979,0.000000,1979
61058,06/27/1979,0.000000,1979
61058,06/28/1979,0.000000,1979
61058,06/29/1979,0.000000,1979
61058,07/02/1979,0.000000,1979
61058,07/03/1979,0.000000,1979
61058,07/05/1979,0.000000,1979
61058,07/06/1979,0.000000,1979
61058,07/09/1979,0.000000,1979
61058,07/10/1979,0.000000,1979
61058,07/11/1979,0.000000,1979
61058,07/12/1979,0.000000,1979
61058,07/13/1979,0.000000,1979
61058,07/16/1979,0.000000,1979
61058,07/17/1979,0.000000,1979
61058,07/18/1979,0.000000,1979
61058,07/19/1979,0.000000,1979
61058,07/20/1979,0.000000,1979
61058,07/23/1979,0.000000,1979
61058,07/24/1979,0.000000,1979
61058,07/25/1979,0.000000,1979
61058,07/26/1979,0.000000,1979
61058,07/27/1979,0.000000,1979
61058,07/30/1979,0.000000,1979
61058,07/31/1979,0.000000,1979
61058,08/01/1979,0.000000,1979
61058,08/02/1979,0.000000,1979
61058,08/03/1979,0.000000,1979
61058,08/06/1979,0.000000,1979
61058,08/07/1979,-0.071429,1979
61058,08/08/1979,0.000000,1979
61058,08/09/1979,0.000000,1979
61058,08/10/1979,0.000000,1979
61058,08/13/1979,0.000000,1979
61058,08/14/1979,0.000000,1979
61058,08/15/1979,0.076923,1979
61058,08/16/1979,0.000000,1979
61058,08/17/1979,0.000000,1979
61058,08/20/1979,0.000000,1979
61058,08/21/1979,0.000000,1979
61058,08/22/1979,0.000000,1979
61058,08/23/1979,0.000000,1979
61058,08/24/1979,0.000000,1979
61058,08/27/1979,0.000000,1979
61058,08/28/1979,0.000000,1979
61058,08/29/1979,0.000000,1979
61058,08/30/1979,0.000000,1979
61058,08/31/1979,0.000000,1979
61058,09/04/1979,0.071429,1979
61058,09/05/1979,0.000000,1979
61058,09/06/1979,0.000000,1979
61058,09/07/1979,0.000000,1979
61058,09/10/1979,0.000000,1979
61058,09/11/1979,0.066667,1979
61058,09/12/1979,0.000000,1979
61058,09/13/1979,0.000000,1979
61058,09/14/1979,0.000000,1979
61058,09/17/1979,0.000000,1979
61058,09/18/1979,0.000000,1979
61058,09/19/1979,0.000000,1979
61058,09/20/1979,0.000000,1979
61058,09/21/1979,0.000000,1979
61058,09/24/1979,0.000000,1979
61058,09/25/1979,0.000000,1979
61058,09/26/1979,0.000000,1979
61058,09/27/1979,0.000000,1979
61058,09/28/1979,0.000000,1979
61058,10/01/1979,0.000000,1979
61058,10/02/1979,0.000000,1979
61058,10/03/1979,0.000000,1979
61058,10/04/1979,0.000000,1979
61058,10/05/1979,0.000000,1979
61058,10/08/1979,-0.062500,1979
61058,10/09/1979,0.000000,1979
61058,10/10/1979,0.000000,1979
61058,10/11/1979,0.000000,1979
61058,10/12/1979,0.000000,1979
61058,10/15/1979,-0.066667,1979
61058,10/16/1979,0.000000,1979
61058,10/17/1979,0.000000,1979
61058,10/18/1979,0.000000,1979
61058,10/19/1979,0.000000,1979
61058,10/22/1979,0.000000,1979
61058,10/23/1979,0.000000,1979
61058,10/24/1979,-0.071429,1979
61058,10/25/1979,0.000000,1979
61058,10/26/1979,0.000000,1979
61058,10/29/1979,0.076923,1979
61058,10/30/1979,-0.071429,1979
61058,10/31/1979,0.000000,1979
61058,11/01/1979,0.000000,1979
61058,11/02/1979,0.000000,1979
61058,11/05/1979,0.000000,1979
61058,11/06/1979,0.000000,1979
61058,11/07/1979,0.000000,1979
61058,11/08/1979,0.000000,1979
61058,11/09/1979,0.000000,1979
61058,11/12/1979,0.000000,1979
61058,11/13/1979,0.000000,1979
61058,11/14/1979,0.000000,1979
61058,11/15/1979,0.000000,1979
61058,11/16/1979,0.000000,1979
61058,11/19/1979,0.000000,1979
61058,11/20/1979,0.000000,1979
61058,11/21/1979,0.000000,1979
61058,11/23/1979,0.000000,1979
61058,11/26/1979,0.000000,1979
61058,11/27/1979,-0.076923,1979
61058,11/28/1979,0.000000,1979
61058,11/29/1979,0.000000,1979
61058,11/30/1979,0.083333,1979
61058,12/03/1979,0.000000,1979
61058,12/04/1979,0.000000,1979
61058,12/05/1979,0.000000,1979
61058,12/06/1979,0.000000,1979
61058,12/07/1979,0.000000,1979
61058,12/10/1979,0.000000,1979
61058,12/11/1979,0.076923,1979
61058,12/12/1979,0.000000,1979
61058,12/13/1979,0.000000,1979
61058,12/14/1979,0.000000,1979
61058,12/17/1979,0.000000,1979
61058,12/18/1979,0.000000,1979
61058,12/19/1979,0.000000,1979
61058,12/20/1979,0.000000,1979
61058,12/21/1979,0.000000,1979
61058,12/24/1979,0.000000,1979
61058,12/26/1979,0.000000,1979
61058,12/27/1979,0.000000,1979
61058,12/28/1979,0.000000,1979
61058,12/31/1979,0.000000,1979
61508,01/02/1979,0.000000,1979
61508,01/03/1979,0.000000,1979
61508,01/04/1979,-0.035714,1979
61508,01/05/1979,0.037037,1979
61508,01/08/1979,0.000000,1979
61508,01/09/1979,0.000000,1979
61508,01/10/1979,0.035714,1979
61508,01/11/1979,0.034483,1979
61508,01/12/1979,0.000000,1979
61508,01/15/1979,0.000000,1979
61508,01/16/1979,0.000000,1979
61508,01/17/1979,0.000000,1979
61508,01/18/1979,0.000000,1979
61508,01/19/1979,0.033333,1979
61508,01/22/1979,0.000000,1979
61508,01/23/1979,0.000000,1979
61508,01/24/1979,0.000000,1979
61508,01/25/1979,0.032258,1979
61508,01/26/1979,0.000000,1979
61508,01/29/1979,0.000000,1979
61508,01/30/1979,0.000000,1979
61508,01/31/1979,-0.062500,1979
61508,02/01/1979,0.000000,1979
61508,02/02/1979,0.000000,1979
61508,02/05/1979,0.000000,1979
61508,02/06/1979,0.000000,1979
61508,02/07/1979,-0.033333,1979
61508,02/08/1979,0.000000,1979
61508,02/09/1979,0.000000,1979
61508,02/12/1979,0.000000,1979
61508,02/13/1979,0.000000,1979
61508,02/14/1979,0.000000,1979
61508,02/15/1979,0.000000,1979
61508,02/16/1979,0.000000,1979
61508,02/20/1979,0.000000,1979
61508,02/21/1979,0.000000,1979
61508,02/22/1979,0.034483,1979
61508,02/23/1979,0.000000,1979
61508,02/26/1979,0.000000,1979
61508,02/27/1979,-0.066667,1979
61508,02/28/1979,0.000000,1979
61508,03/01/1979,0.000000,1979
61508,03/02/1979,0.000000,1979
61508,03/05/1979,0.000000,1979
61508,03/06/1979,0.035714,1979
61508,03/07/1979,0.034483,1979
61508,03/08/1979,0.033333,1979
61508,03/09/1979,0.000000,1979
61508,03/12/1979,-0.032258,1979
61508,03/13/1979,0.033333,1979
61508,03/14/1979,-0.032258,1979
61508,03/15/1979,0.033333,1979
61508,03/16/1979,0.000000,1979
61508,03/19/1979,0.000000,1979
61508,03/20/1979,0.000000,1979
61508,03/21/1979,0.000000,1979
61508,03/22/1979,0.064516,1979
61508,03/23/1979,0.030303,1979
61508,03/26/1979,0.000000,1979
61508,03/27/1979,0.000000,1979
61508,03/28/1979,0.000000,1979
61508,03/29/1979,0.000000,1979
61508,03/30/1979,0.000000,1979
61508,04/02/1979,0.000000,1979
61508,04/03/1979,0.029412,1979
61508,04/04/1979,-0.028571,1979
61508,04/05/1979,0.029412,1979
61508,04/06/1979,-0.028571,1979
61508,04/09/1979,0.000000,1979
61508,04/10/1979,0.029412,1979
61508,04/11/1979,-0.028571,1979
61508,04/12/1979,0.000000,1979
61508,04/16/1979,0.000000,1979
61508,04/17/1979,0.000000,1979
61508,04/18/1979,0.000000,1979
61508,04/19/1979,0.000000,1979
61508,04/20/1979,0.000000,1979
61508,04/23/1979,0.000000,1979
61508,04/24/1979,0.000000,1979
61508,04/25/1979,0.000000,1979
61508,04/26/1979,0.000000,1979
61508,04/27/1979,0.000000,1979
61508,04/30/1979,0.000000,1979
61508,05/01/1979,0.000000,1979
61508,05/02/1979,0.029412,1979
61508,05/03/1979,0.000000,1979
61508,05/04/1979,0.028571,1979
61508,05/07/1979,-0.083333,1979
61508,05/08/1979,0.000000,1979
61508,05/09/1979,0.000000,1979
61508,05/10/1979,0.000000,1979
61508,05/11/1979,0.000000,1979
61508,05/14/1979,0.030303,1979
61508,05/15/1979,0.000000,1979
61508,05/16/1979,0.000000,1979
61508,05/17/1979,0.000000,1979
61508,05/18/1979,0.000000,1979
61508,05/21/1979,0.000000,1979
61508,05/22/1979,0.000000,1979
61508,05/23/1979,0.000000,1979
61508,05/24/1979,0.000000,1979
61508,05/25/1979,0.000000,1979
61508,05/29/1979,-0.029412,1979
61508,05/30/1979,0.000000,1979
61508,05/31/1979,0.000000,1979
61508,06/01/1979,0.000000,1979
61508,06/04/1979,0.030303,1979
61508,06/05/1979,0.000000,1979
61508,06/06/1979,0.000000,1979
61508,06/07/1979,0.000000,1979
61508,06/08/1979,0.000000,1979
61508,06/11/1979,0.000000,1979
61508,06/12/1979,0.000000,1979
61508,06/13/1979,0.029412,1979
61508,06/14/1979,0.085714,1979
61508,06/15/1979,0.000000,1979
61508,06/18/1979,0.000000,1979
61508,06/19/1979,0.052632,1979
61508,06/20/1979,-0.025000,1979
61508,06/21/1979,0.025641,1979
61508,06/22/1979,0.000000,1979
61508,06/25/1979,0.000000,1979
61508,06/26/1979,0.000000,1979
61508,06/27/1979,0.000000,1979
61508,06/28/1979,0.025000,1979
61508,06/29/1979,0.000000,1979
61508,07/02/1979,0.000000,1979
61508,07/03/1979,0.000000,1979
61508,07/05/1979,0.000000,1979
61508,07/06/1979,0.000000,1979
61508,07/09/1979,0.000000,1979
61508,07/10/1979,-0.024390,1979
61508,07/11/1979,0.000000,1979
61508,07/12/1979,0.000000,1979
61508,07/13/1979,0.000000,1979
61508,07/16/1979,0.000000,1979
61508,07/17/1979,0.000000,1979
61508,07/18/1979,0.000000,1979
61508,07/19/1979,0.000000,1979
61508,07/20/1979,0.000000,1979
61508,07/23/1979,0.000000,1979
61508,07/24/1979,0.000000,1979
61508,07/25/1979,0.000000,1979
61508,07/26/1979,0.000000,1979
61508,07/27/1979,0.000000,1979
61508,07/30/1979,0.000000,1979
61508,07/31/1979,0.000000,1979
61508,08/01/1979,0.000000,1979
61508,08/02/1979,0.000000,1979
61508,08/03/1979,0.025000,1979
61508,08/06/1979,0.000000,1979
61508,08/07/1979,0.000000,1979
61508,08/08/1979,0.000000,1979
61508,08/09/1979,0.024390,1979
61508,08/10/1979,0.000000,1979
61508,08/13/1979,0.023810,1979
61508,08/14/1979,0.000000,1979
61508,08/15/1979,0.000000,1979
61508,08/16/1979,0.046512,1979
61508,08/17/1979,0.044444,1979
61508,08/20/1979,0.000000,1979
61508,08/21/1979,0.000000,1979
61508,08/22/1979,0.000000,1979
61508,08/23/1979,0.000000,1979
61508,08/24/1979,0.000000,1979
61508,08/27/1979,0.000000,1979
61508,08/28/1979,0.000000,1979
61508,08/29/1979,0.021277,1979
61508,08/30/1979,0.000000,1979
61508,08/31/1979,0.000000,1979
61508,09/04/1979,0.020833,1979
61508,09/05/1979,0.000000,1979
61508,09/06/1979,0.000000,1979
61508,09/07/1979,0.000000,1979
61508,09/10/1979,0.000000,1979
61508,09/11/1979,0.020408,1979
61508,09/12/1979,0.000000,1979
61508,09/13/1979,0.000000,1979
61508,09/14/1979,0.000000,1979
61508,09/17/1979,-0.020000,1979
61508,09/18/1979,0.000000,1979
61508,09/19/1979,0.000000,1979
61508,09/20/1979,0.000000,1979
61508,09/21/1979,0.000000,1979
61508,09/24/1979,0.000000,1979
61508,09/25/1979,0.020408,1979
61508,09/26/1979,0.000000,1979
61508,09/27/1979,0.000000,1979
61508,09/28/1979,0.000000,1979
61508,10/01/1979,0.000000,1979
61508,10/02/1979,0.060000,1979
61508,10/03/1979,0.018868,1979
61508,10/04/1979,0.000000,1979
61508,10/05/1979,0.018519,1979
61508,10/08/1979,0.000000,1979
61508,10/09/1979,-0.036364,1979
61508,10/10/1979,-0.169811,1979
61508,10/11/1979,0.000000,1979
61508,10/12/1979,0.045455,1979
61508,10/15/1979,0.065217,1979
61508,10/16/1979,0.000000,1979
61508,10/17/1979,0.000000,1979
61508,10/18/1979,0.000000,1979
61508,10/19/1979,0.000000,1979
61508,10/22/1979,0.000000,1979
61508,10/23/1979,0.040816,1979
61508,10/24/1979,0.019608,1979
61508,10/25/1979,-0.038462,1979
61508,10/26/1979,0.050000,1979
61508,10/29/1979,0.000000,1979
61508,10/30/1979,0.023810,1979
61508,10/31/1979,0.023256,1979
61508,11/01/1979,0.000000,1979
61508,11/02/1979,0.000000,1979
61508,11/05/1979,0.000000,1979
61508,11/06/1979,0.000000,1979
61508,11/07/1979,0.000000,1979
61508,11/08/1979,-0.045455,1979
61508,11/09/1979,-0.023810,1979
61508,11/12/1979,0.000000,1979
61508,11/13/1979,0.000000,1979
61508,11/14/1979,0.000000,1979
61508,11/15/1979,0.000000,1979
61508,11/16/1979,-0.024390,1979
61508,11/19/1979,0.000000,1979
61508,11/20/1979,-0.025000,1979
61508,11/21/1979,0.000000,1979
61508,11/23/1979,-0.025641,1979
61508,11/26/1979,0.052632,1979
61508,11/27/1979,0.000000,1979
61508,11/28/1979,0.000000,1979
61508,11/29/1979,0.000000,1979
61508,11/30/1979,0.000000,1979
61508,12/03/1979,-0.075000,1979
61508,12/04/1979,0.000000,1979
61508,12/05/1979,0.027027,1979
61508,12/06/1979,0.026316,1979
61508,12/07/1979,0.000000,1979
61508,12/10/1979,0.000000,1979
61508,12/11/1979,0.000000,1979
61508,12/12/1979,0.000000,1979
61508,12/13/1979,0.000000,1979
61508,12/14/1979,0.025641,1979
61508,12/17/1979,0.000000,1979
61508,12/18/1979,0.000000,1979
61508,12/19/1979,0.000000,1979
61508,12/20/1979,0.000000,1979
61508,12/21/1979,0.000000,1979
61508,12/24/1979,0.000000,1979
61508,12/26/1979,0.000000,1979
61508,12/27/1979,0.075000,1979
61508,12/28/1979,0.000000,1979
61508,12/31/1979,0.000000,1979
67046,01/02/1979,0.000000,1979
67046,01/03/1979,0.000000,1979
67046,01/04/1979,0.000000,1979
67046,01/05/1979,0.024390,1979
67046,01/08/1979,0.000000,1979
67046,01/09/1979,0.000000,1979
67046,01/10/1979,0.000000,1979
67046,01/11/1979,0.000000,1979
67046,01/12/1979,0.071429,1979
67046,01/15/1979,-0.022222,1979
67046,01/16/1979,0.022727,1979
67046,01/17/1979,0.000000,1979
67046,01/18/1979,0.000000,1979
67046,01/19/1979,0.000000,1979
67046,01/22/1979,0.000000,1979
67046,01/23/1979,0.000000,1979
67046,01/24/1979,0.000000,1979
67046,01/25/1979,0.000000,1979
67046,01/26/1979,0.000000,1979
67046,01/29/1979,0.000000,1979
67046,01/30/1979,0.000000,1979
67046,01/31/1979,0.000000,1979
67046,02/01/1979,0.000000,1979
67046,02/02/1979,0.000000,1979
67046,02/05/1979,0.000000,1979
67046,02/06/1979,0.000000,1979
67046,02/07/1979,0.000000,1979
67046,02/08/1979,0.000000,1979
67046,02/09/1979,0.022222,1979
67046,02/12/1979,0.000000,1979
67046,02/13/1979,0.000000,1979
67046,02/14/1979,0.000000,1979
67046,02/15/1979,0.000000,1979
67046,02/16/1979,0.000000,1979
67046,02/20/1979,0.000000,1979
67046,02/21/1979,0.000000,1979
67046,02/22/1979,0.000000,1979
67046,02/23/1979,0.000000,1979
67046,02/26/1979,0.000000,1979
67046,02/27/1979,0.000000,1979
67046,02/28/1979,0.000000,1979
67046,03/01/1979,0.000000,1979
67046,03/02/1979,0.021739,1979
67046,03/05/1979,0.000000,1979
67046,03/06/1979,0.000000,1979
67046,03/07/1979,0.000000,1979
67046,03/08/1979,0.000000,1979
67046,03/09/1979,0.000000,1979
67046,03/12/1979,0.000000,1979
67046,03/13/1979,0.000000,1979
67046,03/14/1979,0.000000,1979
67046,03/15/1979,0.000000,1979
67046,03/16/1979,0.000000,1979
67046,03/19/1979,0.000000,1979
67046,03/20/1979,0.000000,1979
67046,03/21/1979,0.000000,1979
67046,03/22/1979,0.021277,1979
67046,03/23/1979,0.020833,1979
67046,03/26/1979,0.000000,1979
67046,03/27/1979,0.040816,1979
67046,03/28/1979,0.000000,1979
67046,03/29/1979,0.000000,1979
67046,03/30/1979,0.000000,1979
67046,04/02/1979,-0.019608,1979
67046,04/03/1979,0.020000,1979
67046,04/04/1979,0.000000,1979
67046,04/05/1979,0.000000,1979
67046,04/06/1979,0.039216,1979
67046,04/09/1979,0.000000,1979
67046,04/10/1979,0.000000,1979
67046,04/11/1979,0.000000,1979
67046,04/12/1979,0.000000,1979
67046,04/16/1979,0.000000,1979
67046,04/17/1979,-0.018868,1979
67046,04/18/1979,0.000000,1979
67046,04/19/1979,0.000000,1979
67046,04/20/1979,0.000000,1979
67046,04/23/1979,0.000000,1979
67046,04/24/1979,0.000000,1979
67046,04/25/1979,0.000000,1979
67046,04/26/1979,0.000000,1979
67046,04/27/1979,0.000000,1979
67046,04/30/1979,0.000000,1979
67046,05/01/1979,0.000000,1979
67046,05/02/1979,0.000000,1979
67046,05/03/1979,0.000000,1979
67046,05/04/1979,0.000000,1979
67046,05/07/1979,0.000000,1979
67046,05/08/1979,0.000000,1979
67046,05/09/1979,0.000000,1979
67046,05/10/1979,0.000000,1979
67046,05/11/1979,0.000000,1979
67046,05/14/1979,0.000000,1979
67046,05/15/1979,0.000000,1979
67046,05/16/1979,0.000000,1979
67046,05/17/1979,0.000000,1979
67046,05/18/1979,0.000000,1979
67046,05/21/1979,0.000000,1979
67046,05/22/1979,0.000000,1979
67046,05/23/1979,0.000000,1979
67046,05/24/1979,0.000000,1979
67046,05/25/1979,0.000000,1979
67046,05/29/1979,0.000000,1979
67046,05/30/1979,0.000000,1979
67046,05/31/1979,0.000000,1979
67046,06/01/1979,0.000000,1979
67046,06/04/1979,0.000000,1979
67046,06/05/1979,0.000000,1979
67046,06/06/1979,0.000000,1979
67046,06/07/1979,0.000000,1979
67046,06/08/1979,0.000000,1979
67046,06/11/1979,0.000000,1979
67046,06/12/1979,0.000000,1979
67046,06/13/1979,0.019231,1979
67046,06/14/1979,0.015094,1979
67046,06/15/1979,0.000000,1979
67046,06/18/1979,0.000000,1979
67046,06/19/1979,0.000000,1979
67046,06/20/1979,0.000000,1979
67046,06/21/1979,0.000000,1979
67046,06/22/1979,0.000000,1979
67046,06/25/1979,0.000000,1979
67046,06/26/1979,0.000000,1979
67046,06/27/1979,0.000000,1979
67046,06/28/1979,0.000000,1979
67046,06/29/1979,0.000000,1979
67046,07/02/1979,0.000000,1979
67046,07/03/1979,0.000000,1979
67046,07/05/1979,0.000000,1979
67046,07/06/1979,0.000000,1979
67046,07/09/1979,0.000000,1979
67046,07/10/1979,0.000000,1979
67046,07/11/1979,0.000000,1979
67046,07/12/1979,0.000000,1979
67046,07/13/1979,0.000000,1979
67046,07/16/1979,0.000000,1979
67046,07/17/1979,0.000000,1979
67046,07/18/1979,0.000000,1979
67046,07/19/1979,0.000000,1979
67046,07/20/1979,0.000000,1979
67046,07/23/1979,0.000000,1979
67046,07/24/1979,0.000000,1979
67046,07/25/1979,0.000000,1979
67046,07/26/1979,0.000000,1979
67046,07/27/1979,0.000000,1979
67046,07/30/1979,0.000000,1979
67046,07/31/1979,0.000000,1979
67046,08/01/1979,0.018868,1979
67046,08/02/1979,0.000000,1979
67046,08/03/1979,0.000000,1979
67046,08/06/1979,0.000000,1979
67046,08/07/1979,0.000000,1979
67046,08/08/1979,0.000000,1979
67046,08/09/1979,0.000000,1979
67046,08/10/1979,0.000000,1979
67046,08/13/1979,0.000000,1979
67046,08/14/1979,0.000000,1979
67046,08/15/1979,0.000000,1979
67046,08/16/1979,0.000000,1979
67046,08/17/1979,0.000000,1979
67046,08/20/1979,0.000000,1979
67046,08/21/1979,0.000000,1979
67046,08/22/1979,0.000000,1979
67046,08/23/1979,0.000000,1979
67046,08/24/1979,0.000000,1979
67046,08/27/1979,0.000000,1979
67046,08/28/1979,0.000000,1979
67046,08/29/1979,0.000000,1979
67046,08/30/1979,0.000000,1979
67046,08/31/1979,0.000000,1979
67046,09/04/1979,0.000000,1979
67046,09/05/1979,0.000000,1979
67046,09/06/1979,0.000000,1979
67046,09/07/1979,0.000000,1979
67046,09/10/1979,0.000000,1979
67046,09/11/1979,0.000000,1979
67046,09/12/1979,0.000000,1979
67046,09/13/1979,0.000000,1979
67046,09/14/1979,0.000000,1979
67046,09/17/1979,0.000000,1979
67046,09/18/1979,0.000000,1979
67046,09/19/1979,0.000000,1979
67046,09/20/1979,0.000000,1979
67046,09/21/1979,0.000000,1979
67046,09/24/1979,0.000000,1979
67046,09/25/1979,0.000000,1979
67046,09/26/1979,0.000000,1979
67046,09/27/1979,0.000000,1979
67046,09/28/1979,0.000000,1979
67046,10/01/1979,0.000000,1979
67046,10/02/1979,0.000000,1979
67046,10/03/1979,0.000000,1979
67046,10/04/1979,0.000000,1979
67046,10/05/1979,0.000000,1979
67046,10/08/1979,0.000000,1979
67046,10/09/1979,0.000000,1979
67046,10/10/1979,-0.037037,1979
67046,10/11/1979,0.038462,1979
67046,10/12/1979,0.000000,1979
67046,10/15/1979,0.000000,1979
67046,10/16/1979,0.000000,1979
67046,10/17/1979,0.000000,1979
67046,10/18/1979,0.000000,1979
67046,10/19/1979,0.018519,1979
67046,10/22/1979,0.000000,1979
67046,10/23/1979,0.000000,1979
67046,10/24/1979,0.000000,1979
67046,10/25/1979,0.000000,1979
67046,10/26/1979,0.000000,1979
67046,10/29/1979,0.000000,1979
67046,10/30/1979,0.000000,1979
67046,10/31/1979,0.000000,1979
67046,11/01/1979,0.000000,1979
67046,11/02/1979,0.000000,1979
67046,11/05/1979,0.000000,1979
67046,11/06/1979,0.000000,1979
67046,11/07/1979,0.000000,1979
67046,11/08/1979,0.000000,1979
67046,11/09/1979,0.000000,1979
67046,11/12/1979,0.000000,1979
67046,11/13/1979,0.000000,1979
67046,11/14/1979,0.000000,1979
67046,11/15/1979,0.000000,1979
67046,11/16/1979,0.000000,1979
67046,11/19/1979,0.000000,1979
67046,11/20/1979,0.000000,1979
67046,11/21/1979,0.000000,1979
67046,11/23/1979,0.000000,1979
67046,11/26/1979,0.000000,1979
67046,11/27/1979,0.000000,1979
67046,11/28/1979,0.000000,1979
67046,11/29/1979,0.000000,1979
67046,11/30/1979,0.000000,1979
67046,12/03/1979,0.000000,1979
67046,12/04/1979,0.018182,1979
67046,12/05/1979,0.000000,1979
67046,12/06/1979,0.000000,1979
67046,12/07/1979,0.000000,1979
67046,12/10/1979,0.035714,1979
67046,12/11/1979,0.000000,1979
67046,12/12/1979,0.000000,1979
67046,12/13/1979,0.013793,1979
67046,12/14/1979,0.000000,1979
67046,12/17/1979,0.000000,1979
67046,12/18/1979,0.000000,1979
67046,12/19/1979,0.000000,1979
67046,12/20/1979,0.000000,1979
67046,12/21/1979,0.000000,1979
67046,12/24/1979,0.000000,1979
67046,12/26/1979,0.000000,1979
67046,12/27/1979,0.000000,1979
67046,12/28/1979,0.000000,1979
67046,12/31/1979,0.000000,1979
78749,04/16/1979,0.068966,1979
78749,04/17/1979,0.000000,1979
78749,04/18/1979,0.000000,1979
78749,04/19/1979,0.064516,1979
78749,04/20/1979,0.121212,1979
78749,04/23/1979,0.054054,1979
78749,04/24/1979,-0.051282,1979
78749,04/25/1979,0.270270,1979
78749,04/26/1979,0.127660,1979
78749,04/27/1979,0.000000,1979
78749,04/30/1979,0.000000,1979
78749,05/01/1979,-0.037736,1979
78749,05/02/1979,0.000000,1979
78749,05/03/1979,0.000000,1979
78749,05/04/1979,-0.078431,1979
78749,05/07/1979,0.000000,1979
78749,05/08/1979,0.000000,1979
78749,05/09/1979,0.000000,1979
78749,05/10/1979,0.340426,1979
78749,05/11/1979,0.000000,1979
78749,05/14/1979,0.095238,1979
78749,05/15/1979,0.118261,1979
78749,05/16/1979,0.025974,1979
78749,05/17/1979,0.050633,1979
78749,05/18/1979,-0.048193,1979
78749,05/21/1979,0.000000,1979
78749,05/22/1979,-0.025316,1979
78749,05/23/1979,0.000000,1979
78749,05/24/1979,0.000000,1979
78749,05/25/1979,0.051948,1979
78749,05/29/1979,0.049383,1979
78749,05/30/1979,-0.023529,1979
78749,05/31/1979,0.048193,1979
78749,06/01/1979,0.022989,1979
78749,06/04/1979,0.022472,1979
78749,06/05/1979,0.153846,1979
78749,06/06/1979,0.114286,1979
78749,06/07/1979,-0.034188,1979
78749,06/08/1979,-0.212389,1979
78749,06/11/1979,0.022472,1979
78749,06/12/1979,-0.109890,1979
78749,06/13/1979,-0.123457,1979
78749,06/14/1979,-0.028169,1979
78749,06/15/1979,0.028986,1979
78749,06/18/1979,0.000000,1979
78749,06/19/1979,0.140845,1979
78749,06/20/1979,0.024691,1979
78749,06/21/1979,0.072289,1979
78749,06/22/1979,0.089888,1979
78749,06/25/1979,-0.144330,1979
78749,06/26/1979,0.024096,1979
78749,06/27/1979,0.070588,1979
78749,06/28/1979,0.000000,1979
78749,06/29/1979,0.021978,1979
78749,07/02/1979,-0.043011,1979
78749,07/03/1979,0.000000,1979
78749,07/05/1979,0.022472,1979
78749,07/06/1979,0.000000,1979
78749,07/09/1979,0.043956,1979
78749,07/10/1979,-0.063158,1979
78749,07/11/1979,0.022472,1979
78749,07/12/1979,0.087912,1979
78749,07/13/1979,0.000000,1979
78749,07/16/1979,0.000000,1979
78749,07/17/1979,0.040404,1979
78749,07/18/1979,0.097087,1979
78749,07/19/1979,-0.017699,1979
78749,07/20/1979,0.000000,1979
78749,07/23/1979,0.018018,1979
78749,07/24/1979,0.000000,1979
78749,07/25/1979,0.070796,1979
78749,07/26/1979,-0.033058,1979
78749,07/27/1979,-0.068376,1979
78749,07/30/1979,-0.036697,1979
78749,07/31/1979,0.000000,1979
78749,08/01/1979,0.000000,1979
78749,08/02/1979,-0.057143,1979
78749,08/03/1979,0.000000,1979
78749,08/06/1979,0.000000,1979
78749,08/07/1979,0.000000,1979
78749,08/08/1979,0.000000,1979
78749,08/09/1979,0.040404,1979
78749,08/10/1979,-0.019417,1979
78749,08/13/1979,-0.019802,1979
78749,08/14/1979,-0.040404,1979
78749,08/15/1979,0.042105,1979
78749,08/16/1979,0.040404,1979
78749,08/17/1979,0.058252,1979
78749,08/20/1979,0.018349,1979
78749,08/21/1979,-0.072072,1979
78749,08/22/1979,0.038835,1979
78749,08/23/1979,0.000000,1979
78749,08/24/1979,0.000000,1979
78749,08/27/1979,-0.074766,1979
78749,08/28/1979,0.000000,1979
78749,08/29/1979,0.020202,1979
78749,08/30/1979,0.019802,1979
78749,08/31/1979,0.000000,1979
78749,09/04/1979,0.000000,1979
78749,09/05/1979,-0.058252,1979
78749,09/06/1979,0.020619,1979
78749,09/07/1979,-0.040404,1979
78749,09/10/1979,0.000000,1979
78749,09/11/1979,-0.147368,1979
78749,09/12/1979,0.172840,1979
78749,09/13/1979,0.042105,1979
78749,09/14/1979,0.060606,1979
78749,09/17/1979,-0.076190,1979
78749,09/18/1979,0.000000,1979
78749,09/19/1979,0.000000,1979
78749,09/20/1979,-0.020619,1979
78749,09/21/1979,0.000000,1979
78749,09/24/1979,-0.084211,1979
78749,09/25/1979,0.022989,1979
78749,09/26/1979,-0.044944,1979
78749,09/27/1979,0.000000,1979
78749,09/28/1979,0.117647,1979
78749,10/01/1979,0.000000,1979
78749,10/02/1979,-0.021053,1979
78749,10/03/1979,-0.021505,1979
78749,10/04/1979,0.021978,1979
78749,10/05/1979,-0.043011,1979
78749,10/08/1979,-0.067416,1979
78749,10/09/1979,-0.120482,1979
78749,10/10/1979,0.027397,1979
78749,10/11/1979,-0.026667,1979
78749,10/12/1979,0.027397,1979
78749,10/15/1979,-0.053333,1979
78749,10/16/1979,0.028169,1979
78749,10/17/1979,0.000000,1979
78749,10/18/1979,0.082192,1979
78749,10/19/1979,-0.050633,1979
78749,10/22/1979,-0.053333,1979
78749,10/23/1979,0.028169,1979
78749,10/24/1979,0.000000,1979
78749,10/25/1979,0.000000,1979
78749,10/26/1979,0.000000,1979
78749,10/29/1979,0.027397,1979
78749,10/30/1979,0.000000,1979
78749,10/31/1979,0.000000,1979
78749,11/01/1979,0.000000,1979
78749,11/02/1979,0.000000,1979
78749,11/05/1979,-0.026667,1979
78749,11/06/1979,0.000000,1979
78749,11/07/1979,-0.027397,1979
78749,11/08/1979,0.000000,1979
78749,11/09/1979,0.056338,1979
78749,11/12/1979,0.026667,1979
78749,11/13/1979,0.000000,1979
78749,11/14/1979,0.025974,1979
78749,11/15/1979,-0.050633,1979
78749,11/16/1979,0.026667,1979
78749,11/19/1979,0.000000,1979
78749,11/20/1979,0.000000,1979
78749,11/21/1979,0.000000,1979
78749,11/23/1979,0.000000,1979
78749,11/26/1979,0.000000,1979
78749,11/27/1979,0.000000,1979
78749,11/28/1979,-0.025974,1979
78749,11/29/1979,-0.026667,1979
78749,11/30/1979,0.000000,1979
78749,12/03/1979,0.000000,1979
78749,12/04/1979,-0.027397,1979
78749,12/05/1979,0.000000,1979
78749,12/06/1979,0.084507,1979
78749,12/07/1979,0.077922,1979
78749,12/10/1979,0.120482,1979
78749,12/11/1979,-0.021505,1979
78749,12/12/1979,-0.043956,1979
78749,12/13/1979,-0.068966,1979
78749,12/14/1979,0.000000,1979
78749,12/17/1979,0.000000,1979
78749,12/18/1979,0.000000,1979
78749,12/19/1979,-0.049383,1979
78749,12/20/1979,0.077922,1979
78749,12/21/1979,0.000000,1979
78749,12/24/1979,-0.024096,1979
78749,12/26/1979,-0.024691,1979
78749,12/27/1979,-0.025316,1979
78749,12/28/1979,0.000000,1979
78749,12/31/1979,0.000000,1979
